2025-09-15 21:00:44,679 [INFO] Activator:177 - 


2025-09-15 21:00:44,685 [INFO] Activator:178 - !SESSION log4j initialized
2025-09-15 21:02:10,665 [INFO] McuFinderGlobals:39 - Set McuFinder mode to 2 (CubeIDE integrated)
2025-09-15 21:02:11,062 [INFO] ApplicationProperties:181 - Using Application install path: C:\ST\STM32CubeIDE_1.7.0\STM32CubeIDE\plugins\com.st.stm32cube.common.mx_6.3.0.202107141111
2025-09-15 21:02:11,084 [INFO] DbMcusXml:74 - Set database path to: C:\ST\STM32CubeIDE_1.7.0\STM32CubeIDE\plugins\com.st.stm32cube.common.mx_6.3.0.202107141111\\db\/mcu/
2025-09-15 21:02:11,091 [INFO] DbBoardsPdsc:56 - Set plugin database path to: C:\ST\STM32CubeIDE_1.7.0\STM32CubeIDE\plugins\com.st.stm32cube.common.mx_6.3.0.202107141111\\db\/plugins/boardmanager/
2025-09-15 21:02:11,092 [INFO] DbMcus:258 - Set plugin images path to: C:\ST\STM32CubeIDE_1.7.0\STM32CubeIDE\plugins\com.st.stm32cube.common.mx_6.3.0.202107141111\\db\/plugins/mcufinder/images/
2025-09-15 21:02:11,092 [INFO] DbBoards:264 - Set plugin images path to: C:\ST\STM32CubeIDE_1.7.0\STM32CubeIDE\plugins\com.st.stm32cube.common.mx_6.3.0.202107141111\\db\/plugins/mcufinder/images/
2025-09-15 21:02:11,097 [INFO] DbExamples:333 - Set plugin images path to: C:\ST\STM32CubeIDE_1.7.0\STM32CubeIDE\plugins\com.st.stm32cube.common.mx_6.3.0.202107141111\\db\/plugins/mcufinder/images/
2025-09-15 21:02:11,111 [INFO] DbMcusAds:119 - Set database path to: C:\Users\hi\.stmcufinder\plugins\mcufinder//mcu/
2025-09-15 21:02:11,112 [INFO] DbMcusDocs:110 - Set database path to: C:\Users\hi\.stmcufinder\plugins\mcufinder//mcu/
2025-09-15 21:02:11,115 [INFO] DbMcusJson:64 - Set database path to: C:\Users\hi\.stmcufinder\plugins\mcufinder//mcu/
2025-09-15 21:02:11,116 [INFO] DbBoardsDocs:110 - Set database path to: C:\Users\hi\.stmcufinder\plugins\mcufinder//mcu/
2025-09-15 21:02:11,118 [INFO] DbBoardsJson:57 - Set database path to: C:\Users\hi\.stmcufinder\plugins\mcufinder//mcu/
2025-09-15 21:02:11,129 [INFO] CrossReferenceDbSqlite:196 - Set database path to: C:\Users\hi\.stmcufinder\plugins\mcufinder//mcu/cs/
2025-09-15 21:02:11,130 [INFO] DbExamplesSqlite:767 - Set database path to: C:\Users\hi\.stmcufinder\plugins\mcufinder//mcu/
2025-09-15 21:02:11,294 [INFO] RulesReader:57 - Compatibility file has been processed (242 Rules)
2025-09-15 21:02:11,428 [INFO] DbMcusXml:74 - Set database path to: C:\ST\STM32CubeIDE_1.7.0\STM32CubeIDE\plugins\com.st.stm32cube.common.mx_6.3.0.202107141111\\db\/mcu/
2025-09-15 21:02:11,430 [INFO] DbBoardsPdsc:56 - Set plugin database path to: C:\ST\STM32CubeIDE_1.7.0\STM32CubeIDE\plugins\com.st.stm32cube.common.mx_6.3.0.202107141111\\db\/plugins/boardmanager/
2025-09-15 21:02:11,430 [INFO] DbMcus:258 - Set plugin images path to: C:\ST\STM32CubeIDE_1.7.0\STM32CubeIDE\plugins\com.st.stm32cube.common.mx_6.3.0.202107141111\\db\/plugins/mcufinder/images/
2025-09-15 21:02:11,430 [INFO] DbBoards:264 - Set plugin images path to: C:\ST\STM32CubeIDE_1.7.0\STM32CubeIDE\plugins\com.st.stm32cube.common.mx_6.3.0.202107141111\\db\/plugins/mcufinder/images/
2025-09-15 21:02:11,430 [INFO] DbExamples:333 - Set plugin images path to: C:\ST\STM32CubeIDE_1.7.0\STM32CubeIDE\plugins\com.st.stm32cube.common.mx_6.3.0.202107141111\\db\/plugins/mcufinder/images/
2025-09-15 21:02:11,431 [WARN] DbFile:35 - Overriding database path with different value: C:\Users\hi\.stmcufinder\plugins\mcufinder/ => C:\Users\hi\.stmcufinder\plugins\mcufinder
2025-09-15 21:02:11,431 [INFO] DbMcusAds:119 - Set database path to: C:\Users\hi\.stmcufinder\plugins\mcufinder//mcu/
2025-09-15 21:02:11,431 [WARN] DbFile:35 - Overriding database path with different value: C:\Users\hi\.stmcufinder\plugins\mcufinder/ => C:\Users\hi\.stmcufinder\plugins\mcufinder
2025-09-15 21:02:11,431 [INFO] DbMcusDocs:110 - Set database path to: C:\Users\hi\.stmcufinder\plugins\mcufinder//mcu/
2025-09-15 21:02:11,431 [WARN] DbFile:35 - Overriding database path with different value: C:\Users\hi\.stmcufinder\plugins\mcufinder/ => C:\Users\hi\.stmcufinder\plugins\mcufinder
2025-09-15 21:02:11,431 [INFO] DbMcusJson:64 - Set database path to: C:\Users\hi\.stmcufinder\plugins\mcufinder//mcu/
2025-09-15 21:02:11,432 [WARN] DbFile:35 - Overriding database path with different value: C:\Users\hi\.stmcufinder\plugins\mcufinder/ => C:\Users\hi\.stmcufinder\plugins\mcufinder
2025-09-15 21:02:11,432 [INFO] DbBoardsDocs:110 - Set database path to: C:\Users\hi\.stmcufinder\plugins\mcufinder//mcu/
2025-09-15 21:02:11,432 [WARN] DbFile:35 - Overriding database path with different value: C:\Users\hi\.stmcufinder\plugins\mcufinder/ => C:\Users\hi\.stmcufinder\plugins\mcufinder
2025-09-15 21:02:11,432 [INFO] DbBoardsJson:57 - Set database path to: C:\Users\hi\.stmcufinder\plugins\mcufinder//mcu/
2025-09-15 21:02:11,432 [WARN] DbFile:35 - Overriding database path with different value: C:\Users\hi\.stmcufinder\plugins\mcufinder/ => C:\Users\hi\.stmcufinder\plugins\mcufinder
2025-09-15 21:02:11,432 [WARN] DbFile:35 - Overriding database path with different value: C:\Users\hi\.stmcufinder\plugins\mcufinder/ => C:\Users\hi\.stmcufinder\plugins\mcufinder
2025-09-15 21:02:11,433 [INFO] CrossReferenceDbSqlite:196 - Set database path to: C:\Users\hi\.stmcufinder\plugins\mcufinder//mcu/cs/
2025-09-15 21:02:11,433 [WARN] DbFile:35 - Overriding database path with different value: C:\Users\hi\.stmcufinder\plugins\mcufinder/ => C:\Users\hi\.stmcufinder\plugins\mcufinder
2025-09-15 21:02:11,433 [INFO] DbExamplesSqlite:767 - Set database path to: C:\Users\hi\.stmcufinder\plugins\mcufinder//mcu/
2025-09-15 21:02:11,530 [INFO] MainPanel:214 - HeapMemory: 268435456
2025-09-15 21:02:11,711 [INFO] DbMcusXml:74 - Set database path to: C:\ST\STM32CubeIDE_1.7.0\STM32CubeIDE\plugins\com.st.stm32cube.common.mx_6.3.0.202107141111\\db\/mcu/
2025-09-15 21:02:11,712 [INFO] DbBoardsPdsc:56 - Set plugin database path to: C:\ST\STM32CubeIDE_1.7.0\STM32CubeIDE\plugins\com.st.stm32cube.common.mx_6.3.0.202107141111\\db\/plugins/boardmanager/
2025-09-15 21:02:11,712 [INFO] DbMcus:258 - Set plugin images path to: C:\ST\STM32CubeIDE_1.7.0\STM32CubeIDE\plugins\com.st.stm32cube.common.mx_6.3.0.202107141111\\db\/plugins/mcufinder/images/
2025-09-15 21:02:11,712 [INFO] DbBoards:264 - Set plugin images path to: C:\ST\STM32CubeIDE_1.7.0\STM32CubeIDE\plugins\com.st.stm32cube.common.mx_6.3.0.202107141111\\db\/plugins/mcufinder/images/
2025-09-15 21:02:11,713 [INFO] DbExamples:333 - Set plugin images path to: C:\ST\STM32CubeIDE_1.7.0\STM32CubeIDE\plugins\com.st.stm32cube.common.mx_6.3.0.202107141111\\db\/plugins/mcufinder/images/
2025-09-15 21:02:11,713 [WARN] DbFile:35 - Overriding database path with different value: C:\Users\hi\.stmcufinder\plugins\mcufinder/ => C:\Users\hi\.stmcufinder\plugins\mcufinder
2025-09-15 21:02:11,714 [INFO] DbMcusAds:119 - Set database path to: C:\Users\hi\.stmcufinder\plugins\mcufinder//mcu/
2025-09-15 21:02:11,714 [WARN] DbFile:35 - Overriding database path with different value: C:\Users\hi\.stmcufinder\plugins\mcufinder/ => C:\Users\hi\.stmcufinder\plugins\mcufinder
2025-09-15 21:02:11,714 [INFO] DbMcusDocs:110 - Set database path to: C:\Users\hi\.stmcufinder\plugins\mcufinder//mcu/
2025-09-15 21:02:11,714 [WARN] DbFile:35 - Overriding database path with different value: C:\Users\hi\.stmcufinder\plugins\mcufinder/ => C:\Users\hi\.stmcufinder\plugins\mcufinder
2025-09-15 21:02:11,714 [INFO] DbMcusJson:64 - Set database path to: C:\Users\hi\.stmcufinder\plugins\mcufinder//mcu/
2025-09-15 21:02:11,714 [WARN] DbFile:35 - Overriding database path with different value: C:\Users\hi\.stmcufinder\plugins\mcufinder/ => C:\Users\hi\.stmcufinder\plugins\mcufinder
2025-09-15 21:02:11,714 [INFO] DbBoardsDocs:110 - Set database path to: C:\Users\hi\.stmcufinder\plugins\mcufinder//mcu/
2025-09-15 21:02:11,714 [WARN] DbFile:35 - Overriding database path with different value: C:\Users\hi\.stmcufinder\plugins\mcufinder/ => C:\Users\hi\.stmcufinder\plugins\mcufinder
2025-09-15 21:02:11,715 [INFO] DbBoardsJson:57 - Set database path to: C:\Users\hi\.stmcufinder\plugins\mcufinder//mcu/
2025-09-15 21:02:11,715 [WARN] DbFile:35 - Overriding database path with different value: C:\Users\hi\.stmcufinder\plugins\mcufinder/ => C:\Users\hi\.stmcufinder\plugins\mcufinder
2025-09-15 21:02:11,715 [WARN] DbFile:35 - Overriding database path with different value: C:\Users\hi\.stmcufinder\plugins\mcufinder/ => C:\Users\hi\.stmcufinder\plugins\mcufinder
2025-09-15 21:02:11,715 [INFO] CrossReferenceDbSqlite:196 - Set database path to: C:\Users\hi\.stmcufinder\plugins\mcufinder//mcu/cs/
2025-09-15 21:02:11,715 [WARN] DbFile:35 - Overriding database path with different value: C:\Users\hi\.stmcufinder\plugins\mcufinder/ => C:\Users\hi\.stmcufinder\plugins\mcufinder
2025-09-15 21:02:11,715 [INFO] DbExamplesSqlite:767 - Set database path to: C:\Users\hi\.stmcufinder\plugins\mcufinder//mcu/
2025-09-15 21:02:11,749 [INFO] ApplicationProperties:181 - Using Application install path: C:\ST\STM32CubeIDE_1.7.0\STM32CubeIDE\plugins\com.st.stm32cube.common.mx_6.3.0.202107141111
2025-09-15 21:02:11,750 [INFO] PluginManage:188 - Search for loadable plugins [exclusion list=, ]
2025-09-15 21:02:11,753 [INFO] PluginManage:302 - Check plugin analytics
2025-09-15 21:02:16,642 [INFO] AnalyticsPlugin:257 - Accepted Software Licenses: 
2025-09-15 21:02:16,643 [INFO] AnalyticsPlugin:259 - Accepted CMSIS Pack Licenses: 
2025-09-15 21:02:16,644 [INFO] AnalyticsPlugin:261 - Accepted Firmware Licenses: 
2025-09-15 21:02:16,645 [INFO] PluginManage:352 - Loaded plugin analytics (category:tool,tabindex:-1)
2025-09-15 21:02:16,646 [INFO] PluginManage:302 - Check plugin clock
2025-09-15 21:02:16,690 [INFO] PluginManage:352 - Loaded plugin clock (category:base,tabindex:2)
2025-09-15 21:02:16,690 [INFO] PluginManage:302 - Check plugin ddr
2025-09-15 21:02:16,696 [INFO] PluginManage:352 - Loaded plugin ddr (category:tool,tabindex:6)
2025-09-15 21:02:16,696 [INFO] PluginManage:302 - Check plugin filemanager
2025-09-15 21:02:16,949 [INFO] PluginManage:352 - Loaded plugin filemanager (category:base,tabindex:10)
2025-09-15 21:02:16,949 [INFO] PluginManage:302 - Check plugin ipmanager
2025-09-15 21:02:16,963 [INFO] PluginManage:352 - Loaded plugin ipmanager (category:base,tabindex:5)
2025-09-15 21:02:16,963 [INFO] PluginManage:302 - Check plugin pinoutandconfiguration
2025-09-15 21:02:17,013 [INFO] PluginManage:352 - Loaded plugin pinoutandconfiguration (category:base,tabindex:1)
2025-09-15 21:02:17,013 [INFO] PluginManage:302 - Check plugin pinoutconfig
2025-09-15 21:02:17,083 [INFO] PluginManage:352 - Loaded plugin pinoutconfig (category:base,tabindex:0)
2025-09-15 21:02:17,084 [INFO] PluginManage:302 - Check plugin power
2025-09-15 21:02:17,129 [INFO] PluginManage:352 - Loaded plugin power (category:power,tabindex:4)
2025-09-15 21:02:17,130 [INFO] PluginManage:302 - Check plugin projectmanager
2025-09-15 21:02:17,164 [INFO] PluginManage:352 - Loaded plugin projectmanager (category:projectmanager,tabindex:3)
2025-09-15 21:02:17,164 [INFO] PluginManage:302 - Check plugin thirdparty
2025-09-15 21:02:17,671 [WARN] IntegrityCheckThread:78 - waiting for thirdparty lock release [integrity check]
2025-09-15 21:02:17,672 [INFO] IntegrityCheckThread:80 - entering critical section [integrity check]
2025-09-15 21:02:17,672 [INFO] PluginManage:352 - Loaded plugin thirdparty (category:base,tabindex:-1)
2025-09-15 21:02:17,672 [INFO] ThirdPartyUpdaterWithRetryManager:66 - Updater plugin not ready yet. [1/15]
2025-09-15 21:02:17,673 [INFO] PluginManage:302 - Check plugin tools
2025-09-15 21:02:17,906 [INFO] PluginManage:352 - Loaded plugin tools (category:base,tabindex:7)
2025-09-15 21:02:17,906 [INFO] PluginManage:302 - Check plugin tutovideos
2025-09-15 21:02:18,385 [INFO] PluginManage:352 - Loaded plugin tutovideos (category:base,tabindex:-1)
2025-09-15 21:02:18,386 [INFO] PluginManage:302 - Check plugin updater
2025-09-15 21:02:18,405 [INFO] PluginManage:352 - Loaded plugin updater (category:base,tabindex:12)
2025-09-15 21:02:18,406 [INFO] PluginManage:275 - PluginManage : Loaded plugins [13]
2025-09-15 21:02:18,732 [INFO] PinOutPanel:1463 - setPackage(No Configuration,No Configuration)
2025-09-15 21:02:18,900 [INFO] IPUIPlugin:74 - create IPUIPlugin
2025-09-15 21:02:18,901 [INFO] PluginManager:213 - loadIPPluginJar : add adc
2025-09-15 21:02:18,998 [INFO] IPUIPlugin:74 - create IPUIPlugin
2025-09-15 21:02:18,999 [INFO] PluginManager:213 - loadIPPluginJar : add aes
2025-09-15 21:02:19,107 [INFO] IPUIPlugin:74 - create IPUIPlugin
2025-09-15 21:02:19,107 [INFO] PluginManager:213 - loadIPPluginJar : add can
2025-09-15 21:02:19,195 [INFO] IPUIPlugin:74 - create IPUIPlugin
2025-09-15 21:02:19,195 [INFO] PluginManager:213 - loadIPPluginJar : add comp
2025-09-15 21:02:19,284 [INFO] IPUIPlugin:74 - create IPUIPlugin
2025-09-15 21:02:19,284 [INFO] PluginManager:213 - loadIPPluginJar : add cryp
2025-09-15 21:02:19,376 [INFO] IPUIPlugin:74 - create IPUIPlugin
2025-09-15 21:02:19,376 [INFO] PluginManager:213 - loadIPPluginJar : add dfsdm
2025-09-15 21:02:19,402 [INFO] IPUIPlugin:74 - create IPUIPlugin
2025-09-15 21:02:19,403 [INFO] PluginManager:213 - loadIPPluginJar : add dma
2025-09-15 21:02:19,544 [INFO] IPUIPlugin:74 - create IPUIPlugin
2025-09-15 21:02:19,544 [INFO] PluginManager:213 - loadIPPluginJar : add dma3
2025-09-15 21:02:19,624 [INFO] IPUIPlugin:74 - create IPUIPlugin
2025-09-15 21:02:19,624 [INFO] PluginManager:213 - loadIPPluginJar : add fatfs
2025-09-15 21:02:19,766 [INFO] IPUIPlugin:74 - create IPUIPlugin
2025-09-15 21:02:19,766 [INFO] PluginManager:213 - loadIPPluginJar : add fmc
2025-09-15 21:02:19,799 [INFO] IPUIPlugin:74 - create IPUIPlugin
2025-09-15 21:02:19,800 [INFO] PluginManager:213 - loadIPPluginJar : add freertos
2025-09-15 21:02:19,869 [INFO] IPUIPlugin:74 - create IPUIPlugin
2025-09-15 21:02:19,869 [INFO] PluginManager:213 - loadIPPluginJar : add genericplugin
2025-09-15 21:02:20,080 [INFO] IPUIPlugin:74 - create IPUIPlugin
2025-09-15 21:02:20,080 [INFO] PluginManager:213 - loadIPPluginJar : add gfxmmu
2025-09-15 21:02:20,467 [INFO] IPUIPlugin:74 - create IPUIPlugin
2025-09-15 21:02:20,468 [INFO] PluginManager:213 - loadIPPluginJar : add gic
2025-09-15 21:02:20,494 [INFO] IPUIPlugin:74 - create IPUIPlugin
2025-09-15 21:02:20,494 [INFO] PluginManager:213 - loadIPPluginJar : add gpio
2025-09-15 21:02:20,666 [INFO] IPUIPlugin:74 - create IPUIPlugin
2025-09-15 21:02:20,666 [INFO] PluginManager:213 - loadIPPluginJar : add gtzc
2025-09-15 21:02:20,686 [INFO] ThirdPartyUpdaterWithRetryManager:66 - Updater plugin not ready yet. [2/15]
2025-09-15 21:02:20,761 [INFO] IPUIPlugin:74 - create IPUIPlugin
2025-09-15 21:02:20,761 [INFO] PluginManager:213 - loadIPPluginJar : add hash
2025-09-15 21:02:20,962 [INFO] IPUIPlugin:74 - create IPUIPlugin
2025-09-15 21:02:20,962 [INFO] PluginManager:213 - loadIPPluginJar : add i2c
2025-09-15 21:02:21,097 [INFO] IPUIPlugin:74 - create IPUIPlugin
2025-09-15 21:02:21,097 [INFO] PluginManager:213 - loadIPPluginJar : add i2s
2025-09-15 21:02:21,131 [INFO] IPUIPlugin:74 - create IPUIPlugin
2025-09-15 21:02:21,131 [INFO] PluginManager:213 - loadIPPluginJar : add ipddr
2025-09-15 21:02:21,457 [INFO] IPUIPlugin:74 - create IPUIPlugin
2025-09-15 21:02:21,457 [INFO] PluginManager:213 - loadIPPluginJar : add linkedlist
2025-09-15 21:02:21,657 [INFO] IPUIPlugin:74 - create IPUIPlugin
2025-09-15 21:02:21,658 [INFO] PluginManager:213 - loadIPPluginJar : add lorawan
2025-09-15 21:02:21,799 [INFO] IPUIPlugin:74 - create IPUIPlugin
2025-09-15 21:02:21,799 [INFO] PluginManager:213 - loadIPPluginJar : add ltdc
2025-09-15 21:02:21,875 [INFO] IPUIPlugin:74 - create IPUIPlugin
2025-09-15 21:02:21,875 [INFO] PluginManager:213 - loadIPPluginJar : add mdma
2025-09-15 21:02:21,904 [INFO] IPUIPlugin:74 - create IPUIPlugin
2025-09-15 21:02:21,905 [INFO] PluginManager:213 - loadIPPluginJar : add nvic
2025-09-15 21:02:22,080 [INFO] IPUIPlugin:74 - create IPUIPlugin
2025-09-15 21:02:22,080 [INFO] PluginManager:213 - loadIPPluginJar : add opamp
2025-09-15 21:02:22,312 [INFO] IPUIPlugin:74 - create IPUIPlugin
2025-09-15 21:02:22,312 [INFO] PluginManager:213 - loadIPPluginJar : add openamp
2025-09-15 21:02:22,453 [INFO] IPUIPlugin:74 - create IPUIPlugin
2025-09-15 21:02:22,453 [INFO] PluginManager:213 - loadIPPluginJar : add pdm2pcm
2025-09-15 21:02:22,500 [INFO] IPUIPlugin:74 - create IPUIPlugin
2025-09-15 21:02:22,506 [INFO] PluginManager:213 - loadIPPluginJar : add plateformsettings
2025-09-15 21:02:22,587 [INFO] IPUIPlugin:74 - create IPUIPlugin
2025-09-15 21:02:22,588 [INFO] PluginManager:213 - loadIPPluginJar : add quadspi
2025-09-15 21:02:22,613 [INFO] IPUIPlugin:74 - create IPUIPlugin
2025-09-15 21:02:22,614 [INFO] PluginManager:213 - loadIPPluginJar : add resmgrutility
2025-09-15 21:02:22,762 [INFO] IPUIPlugin:74 - create IPUIPlugin
2025-09-15 21:02:22,762 [INFO] PluginManager:213 - loadIPPluginJar : add sai
2025-09-15 21:02:22,885 [INFO] IPUIPlugin:74 - create IPUIPlugin
2025-09-15 21:02:22,886 [INFO] PluginManager:213 - loadIPPluginJar : add spi
2025-09-15 21:02:23,059 [INFO] IPUIPlugin:74 - create IPUIPlugin
2025-09-15 21:02:23,059 [INFO] PluginManager:213 - loadIPPluginJar : add stm32_wpan
2025-09-15 21:02:23,140 [INFO] IPUIPlugin:74 - create IPUIPlugin
2025-09-15 21:02:23,141 [INFO] PluginManager:213 - loadIPPluginJar : add tim
2025-09-15 21:02:23,312 [INFO] IPUIPlugin:74 - create IPUIPlugin
2025-09-15 21:02:23,312 [INFO] PluginManager:213 - loadIPPluginJar : add touchsensing
2025-09-15 21:02:23,412 [INFO] IPUIPlugin:74 - create IPUIPlugin
2025-09-15 21:02:23,413 [INFO] PluginManager:213 - loadIPPluginJar : add tracer_emb
2025-09-15 21:02:23,523 [INFO] IPUIPlugin:74 - create IPUIPlugin
2025-09-15 21:02:23,523 [INFO] PluginManager:213 - loadIPPluginJar : add ts
2025-09-15 21:02:23,607 [INFO] IPUIPlugin:74 - create IPUIPlugin
2025-09-15 21:02:23,608 [INFO] PluginManager:213 - loadIPPluginJar : add tsc
2025-09-15 21:02:23,691 [INFO] IPUIPlugin:74 - create IPUIPlugin
2025-09-15 21:02:23,691 [INFO] PluginManager:213 - loadIPPluginJar : add ucpd
2025-09-15 21:02:23,702 [INFO] ThirdPartyUpdaterWithRetryManager:66 - Updater plugin not ready yet. [3/15]
2025-09-15 21:02:23,834 [INFO] IPUIPlugin:74 - create IPUIPlugin
2025-09-15 21:02:23,835 [INFO] PluginManager:213 - loadIPPluginJar : add usart
2025-09-15 21:02:23,969 [INFO] IPUIPlugin:74 - create IPUIPlugin
2025-09-15 21:02:23,969 [INFO] PluginManager:213 - loadIPPluginJar : add usbx
2025-09-15 21:02:24,415 [FATAL] Updater:294 - Updater called before beeing initialized
2025-09-15 21:02:24,601 [FATAL] Updater:294 - Updater called before beeing initialized
2025-09-15 21:02:24,618 [INFO] DbMcusAds:47 - JSON generation date=Tue Jul 08 15:14:23 ICT 2025 (1751962463582)
2025-09-15 21:02:24,618 [FATAL] Updater:294 - Updater called before beeing initialized
2025-09-15 21:02:24,676 [WARN] DetailPanel:314 - Failed to get advertising image, set to default
2025-09-15 21:02:24,869 [FATAL] Updater:294 - Updater called before beeing initialized
2025-09-15 21:02:24,872 [FATAL] Updater:294 - Updater called before beeing initialized
2025-09-15 21:02:24,873 [FATAL] Updater:294 - Updater called before beeing initialized
2025-09-15 21:02:24,873 [WARN] DetailPanel:314 - Failed to get advertising image, set to default
2025-09-15 21:02:24,874 [FATAL] Updater:294 - Updater called before beeing initialized
2025-09-15 21:02:25,044 [ERROR] Updater:1075 - MainUpdater not yet initialized. External WinMGr cannot be set.
2025-09-15 21:02:25,071 [INFO] Updater:1012 - Updater Version found : 6.3.0
2025-09-15 21:02:25,120 [INFO] ApplicationProperties:181 - Using Application install path: C:\ST\STM32CubeIDE_1.7.0\STM32CubeIDE\plugins\com.st.stm32cube.common.mx_6.3.0.202107141111
2025-09-15 21:02:25,659 [INFO] MainUpdater:2671 - connection check result : 10
2025-09-15 21:02:25,660 [INFO] MainUpdater:265 - Updater Check For Update Now.
2025-09-15 21:02:25,660 [INFO] MicroXplorer:478 - Change Database Version : DB.6.0.30
2025-09-15 21:02:26,001 [INFO] CheckServerUpdateThread:112 - End of CheckServer Thread
2025-09-15 21:02:26,064 [INFO] MainUpdater:2671 - connection check result : 10
2025-09-15 21:02:26,864 [INFO] McuFinderGlobals:52 - Set McuFinderConnectedMode to false
2025-09-15 21:02:27,125 [INFO] CrossSelectorPresenter:1330 - Cross Selector saved comparison directory: C:\Users\hi\.stmcufinder\plugins\mcufinder\mcu\cs_comparisons_mx
2025-09-15 21:02:27,139 [INFO] MultiScanPanel:197 - Auto-refresh data requested => check proxy status ongoing
2025-09-15 21:02:27,139 [INFO] MultiScanPanel:201 - Proxy status is invalid
2025-09-15 21:02:27,146 [INFO] FinderPluginLoader:87 - Searching for filters in installed packs
2025-09-15 21:02:27,149 [INFO] DbMcusXml:100 - Load MCU database from C:\ST\STM32CubeIDE_1.7.0\STM32CubeIDE\plugins\com.st.stm32cube.common.mx_6.3.0.202107141111\\db\/mcu/families.xml
2025-09-15 21:02:27,247 [ERROR] Engine:463 - C:\Users\hi\.stm32cubemx\thirdparties\pdsc\STMicroelectronics.FP-SNS-MOTENVWB1.1.4.0.pdsc: PDSC version is not supported
2025-09-15 21:02:27,336 [WARN] PackLoader:238 - Cannot read IP mode file for STMicroelectronics.FP-ATR-ASTRA1.2.0.2
2025-09-15 21:02:27,365 [ERROR] Engine:463 - C:\Users\hi\.stm32cubemx\thirdparties\pdsc\STMicroelectronics.X-CUBE-SMBUS.2.1.0.pdsc: PDSC version is not supported
2025-09-15 21:02:27,401 [ERROR] Engine:463 - C:\Users\hi\.stm32cubemx\thirdparties\pdsc\STMicroelectronics.X-CUBE-ST60.1.0.0.pdsc: PDSC version is not supported
2025-09-15 21:02:27,548 [WARN] PackLoader:238 - Cannot read IP mode file for STMicroelectronics.X-CUBE-AZRTOS-F7.1.1.0
2025-09-15 21:02:27,586 [ERROR] Engine:463 - C:\Users\hi\.stm32cubemx\thirdparties\pdsc\WES.I-CUBE-Cesium.1.4.0.pdsc: PDSC version is not supported
2025-09-15 21:02:27,682 [ERROR] Engine:463 - C:\Users\hi\.stm32cubemx\thirdparties\pdsc\Infineon.AIROC-Wi-Fi-Bluetooth-STM32.1.7.1.pdsc: PDSC version is not supported
2025-09-15 21:02:27,842 [WARN] PackLoader:238 - Cannot read IP mode file for STMicroelectronics.X-CUBE-AZRTOS-H7.3.4.0
2025-09-15 21:02:27,888 [ERROR] Engine:463 - C:\Users\hi\.stm32cubemx\thirdparties\pdsc\STMicroelectronics.X-CUBE-DISPLAY.3.0.0.pdsc: PDSC version is not supported
2025-09-15 21:02:27,927 [WARN] PackLoader:238 - Cannot read IP mode file for STMicroelectronics.X-CUBE-NFC10.1.0.0
2025-09-15 21:02:27,980 [ERROR] Engine:463 - C:\Users\hi\.stm32cubemx\thirdparties\pdsc\emotas.I-CUBE-CANOPEN.1.3.0.pdsc: PDSC version is not supported
2025-09-15 21:02:28,025 [ERROR] Engine:463 - C:\Users\hi\.stm32cubemx\thirdparties\pdsc\STMicroelectronics.FP-SNS-STBOX1.2.1.0.pdsc: PDSC version is not supported
2025-09-15 21:02:28,046 [ERROR] Engine:463 - C:\Users\hi\.stm32cubemx\thirdparties\pdsc\STMicroelectronics.FP-SNS-SMARTAG2.1.2.0.pdsc: PDSC version is not supported
2025-09-15 21:02:28,068 [ERROR] Engine:463 - C:\Users\hi\.stm32cubemx\thirdparties\pdsc\STMicroelectronics.FP-SNS-FLIGHT1.5.1.0.pdsc: PDSC version is not supported
2025-09-15 21:02:28,114 [INFO] LogOutputStream:76 - [STDOUT_REDIRECT] 1 : Invalid condition id : UX_CORESTACK_Condition cause : null
2025-09-15 21:02:28,117 [INFO] LogOutputStream:76 - [STDOUT_REDIRECT] 1 : Invalid condition id : UX_CORESTACK_Condition cause : null
2025-09-15 21:02:28,119 [INFO] LogOutputStream:76 - [STDOUT_REDIRECT] 1 : Invalid condition id : UX_CORESTACK_Condition cause : null
2025-09-15 21:02:28,137 [INFO] LogOutputStream:76 - [STDOUT_REDIRECT] 1 : Invalid condition id : UX_CORESTACK_Condition cause : null
2025-09-15 21:02:28,140 [INFO] LogOutputStream:76 - [STDOUT_REDIRECT] 1 : Invalid condition id : UX_CORESTACK_Condition cause : null
2025-09-15 21:02:28,147 [WARN] PackLoader:238 - Cannot read IP mode file for STMicroelectronics.X-CUBE-AZRTOS-WL.2.0.0
2025-09-15 21:02:28,171 [ERROR] Engine:463 - C:\Users\hi\.stm32cubemx\thirdparties\pdsc\STMicroelectronics.FP-SNS-MOTENV1.5.0.0.pdsc: PDSC version is not supported
2025-09-15 21:02:28,200 [WARN] PackLoader:238 - Cannot read IP mode file for STMicroelectronics.X-CUBE-BLE2.3.3.0
2025-09-15 21:02:28,230 [WARN] PackLoader:238 - Cannot read IP mode file for STMicroelectronics.X-CUBE-NFC9.1.0.0
2025-09-15 21:02:28,303 [WARN] PackLoader:238 - Cannot read IP mode file for wolfSSL.I-CUBE-wolfSSL.5.8.2
2025-09-15 21:02:28,336 [WARN] PackLoader:238 - Cannot read IP mode file for STMicroelectronics.X-CUBE-BLE1.7.1.0
2025-09-15 21:02:28,379 [WARN] PackLoader:238 - Cannot read IP mode file for wolfSSL.I-CUBE-wolfMQTT.1.19.2
2025-09-15 21:02:28,411 [WARN] PackLoader:238 - Cannot read IP mode file for STMicroelectronics.X-CUBE-EEPRMA1.5.2.0
2025-09-15 21:02:28,513 [WARN] PackLoader:238 - Cannot read IP mode file for STMicroelectronics.X-CUBE-AZRTOS-G0.1.1.0
2025-09-15 21:02:28,553 [WARN] PackLoader:238 - Cannot read IP mode file for STMicroelectronics.X-CUBE-SAFEA1.1.2.2
2025-09-15 21:02:28,603 [WARN] PackLoader:238 - Cannot read IP mode file for STMicroelectronics.X-CUBE-NFC4.3.0.0
2025-09-15 21:02:28,629 [ERROR] Engine:463 - C:\Users\hi\.stm32cubemx\thirdparties\pdsc\EmbeddedOffice.I-CUBE-FS-RTOS.1.0.1.pdsc: PDSC version is not supported
2025-09-15 21:02:28,651 [WARN] PackLoader:238 - Cannot read IP mode file for STMicroelectronics.X-CUBE-WB05N.2.0.0
2025-09-15 21:02:28,698 [WARN] PackLoader:238 - Cannot read IP mode file for wolfSSL.I-CUBE-wolfTPM.3.8.0
2025-09-15 21:02:28,723 [ERROR] Engine:463 - C:\Users\hi\.stm32cubemx\thirdparties\pdsc\STMicroelectronics.X-CUBE-TCPP.4.2.0.pdsc: PDSC version is not supported
2025-09-15 21:02:28,745 [ERROR] Engine:463 - C:\Users\hi\.stm32cubemx\thirdparties\pdsc\RealThread.X-CUBE-RT-Thread_Nano.4.1.1.pdsc: PDSC version is not supported
2025-09-15 21:02:28,770 [WARN] PackLoader:238 - Cannot read IP mode file for STMicroelectronics.FP-ATR-SIGFOX1.3.2.0
2025-09-15 21:02:28,796 [ERROR] Engine:463 - C:\Users\hi\.stm32cubemx\thirdparties\pdsc\ITTIA_DB.I-CUBE-ITTIADB.8.9.0.pdsc: PDSC version is not supported
2025-09-15 21:02:28,821 [ERROR] Engine:463 - C:\Users\hi\.stm32cubemx\thirdparties\pdsc\STMicroelectronics.X-CUBE-ST67W61.1.0.0.pdsc: PDSC version is not supported
2025-09-15 21:02:28,847 [WARN] PackLoader:238 - Cannot read IP mode file for STMicroelectronics.X-CUBE-AI.10.2.0
2025-09-15 21:02:28,985 [WARN] PackLoader:238 - Cannot read IP mode file for SEGGER.I-CUBE-embOS.1.3.1
2025-09-15 21:02:29,197 [WARN] PackLoader:238 - Cannot read IP mode file for STMicroelectronics.X-CUBE-ALGOBUILD.1.4.0
2025-09-15 21:02:29,435 [WARN] PackLoader:238 - Cannot read IP mode file for STMicroelectronics.X-CUBE-MEMS1.11.3.0
2025-09-15 21:02:29,887 [INFO] DbMcusJson:93 - JSON generation date=Tue Nov 16 23:17:54 ICT 2021 (1637079474)
2025-09-15 21:02:30,277 [WARN] PackLoader:238 - Cannot read IP mode file for STMicroelectronics.X-CUBE-PM33A1.1.0.0
2025-09-15 21:02:30,355 [WARN] PackLoader:238 - Cannot read IP mode file for STMicroelectronics.X-CUBE-AZRTOS-F4.1.1.0
2025-09-15 21:02:30,383 [ERROR] Engine:463 - C:\Users\hi\.stm32cubemx\thirdparties\pdsc\Avnet-IotConnect.X-CUBE-IoTC-DA16k-PMOD.1.0.0.pdsc: PDSC version is not supported
2025-09-15 21:02:30,407 [WARN] PackLoader:238 - Cannot read IP mode file for STMicroelectronics.X-CUBE-ISPU.2.1.0
2025-09-15 21:02:30,455 [WARN] PackLoader:238 - Cannot read IP mode file for STMicroelectronics.X-CUBE-NFC12.1.0.0
2025-09-15 21:02:30,595 [WARN] PackLoader:238 - Cannot read IP mode file for STMicroelectronics.X-CUBE-AZRTOS-L5.2.0.0
2025-09-15 21:02:30,632 [WARN] PackLoader:238 - Cannot read IP mode file for STMicroelectronics.X-CUBE-NFC6.3.1.0
2025-09-15 21:02:30,660 [ERROR] Engine:463 - C:\Users\hi\.stm32cubemx\thirdparties\pdsc\STMicroelectronics.X-CUBE-FREERTOS.1.3.1.pdsc: PDSC version is not supported
2025-09-15 21:02:30,680 [ERROR] Engine:463 - C:\Users\hi\.stm32cubemx\thirdparties\pdsc\STMicroelectronics.FP-SNS-STAIOTCFT.1.0.0.pdsc: PDSC version is not supported
2025-09-15 21:02:30,703 [ERROR] Engine:463 - C:\Users\hi\.stm32cubemx\thirdparties\pdsc\STMicroelectronics.X-CUBE-DPower.1.3.0.pdsc: PDSC version is not supported
2025-09-15 21:02:30,817 [WARN] ConditionMgr:437 - getConditionDescription Invalid condition id : LAN8742 Phy interface Condition cause : null
2025-09-15 21:02:30,820 [WARN] PackLoader:238 - Cannot read IP mode file for STMicroelectronics.X-CUBE-AZRTOS-L4.2.0.0
2025-09-15 21:02:30,824 [WARN] ConditionMgr:1038 - genDependencies : Invalid condition id : LAN8742 Phy interface Condition cause : null
2025-09-15 21:02:30,824 [WARN] ConditionMgr:1038 - genDependencies : Invalid condition id : LAN8742 Phy interface Condition cause : null
2025-09-15 21:02:30,826 [WARN] ConditionMgr:1038 - genDependencies : Invalid condition id : LAN8742 Phy interface Condition cause : null
2025-09-15 21:02:30,861 [WARN] PackLoader:238 - Cannot read IP mode file for STMicroelectronics.X-CUBE-SFXS2LP1.4.0.0
2025-09-15 21:02:30,891 [ERROR] Engine:463 - C:\Users\hi\.stm32cubemx\thirdparties\pdsc\STMicroelectronics.X-CUBE-BLEMGR.4.1.0.pdsc: PDSC version is not supported
2025-09-15 21:02:30,950 [WARN] ConditionMgr:437 - getConditionDescription Invalid condition id : UX DEVICE CLASS RTOS Condition cause : null
2025-09-15 21:02:30,950 [WARN] ConditionMgr:437 - getConditionDescription Invalid condition id : UX DEVICE CLASS RTOS Condition cause : null
2025-09-15 21:02:30,957 [WARN] PackLoader:238 - Cannot read IP mode file for STMicroelectronics.X-CUBE-AZRTOS-WB.2.0.0
2025-09-15 21:02:30,959 [WARN] ConditionMgr:1038 - genDependencies : Invalid condition id : UX DEVICE CLASS RTOS Condition cause : null
2025-09-15 21:02:30,959 [WARN] ConditionMgr:1038 - genDependencies : Invalid condition id : UX DEVICE CLASS RTOS Condition cause : null
2025-09-15 21:02:30,960 [WARN] ConditionMgr:1038 - genDependencies : Invalid condition id : UX DEVICE CLASS RTOS Condition cause : null
2025-09-15 21:02:30,961 [WARN] ConditionMgr:1038 - genDependencies : Invalid condition id : UX DEVICE CLASS RTOS Condition cause : null
2025-09-15 21:02:30,961 [WARN] ConditionMgr:1038 - genDependencies : Invalid condition id : UX DEVICE CLASS RTOS Condition cause : null
2025-09-15 21:02:31,015 [WARN] PackLoader:238 - Cannot read IP mode file for STMicroelectronics.X-CUBE-GNSS1.7.0.1
2025-09-15 21:02:31,045 [WARN] PackLoader:238 - Cannot read IP mode file for STMicroelectronics.X-CUBE-TOUCHGFX.4.25.0
2025-09-15 21:02:31,065 [ERROR] Engine:463 - C:\Users\hi\.stm32cubemx\thirdparties\pdsc\quantropi.X-CUBE-qispace-sdk-base.2.1.0.pdsc: PDSC version is not supported
2025-09-15 21:02:31,109 [WARN] PackLoader:238 - Cannot read IP mode file for STMicroelectronics.X-CUBE-SUBG2.5.0.0
2025-09-15 21:02:31,245 [WARN] PackLoader:238 - Cannot read IP mode file for STMicroelectronics.X-CUBE-AZRTOS-H7RS.1.1.0
2025-09-15 21:02:31,304 [ERROR] Engine:463 - C:\Users\hi\.stm32cubemx\thirdparties\pdsc\Cesanta.I-CUBE-Mongoose.7.13.0.pdsc: PDSC version is not supported
2025-09-15 21:02:31,362 [WARN] PackLoader:238 - Cannot read IP mode file for STMicroelectronics.X-CUBE-AZRTOS-G4.2.0.0
2025-09-15 21:02:31,391 [WARN] PackLoader:238 - Cannot read IP mode file for wolfSSL.I-CUBE-wolfSSH.1.4.20
2025-09-15 21:02:31,416 [WARN] PackLoader:238 - Cannot read IP mode file for STMicroelectronics.X-CUBE-NFC7.2.0.0
2025-09-15 21:02:31,449 [ERROR] Engine:463 - C:\Users\hi\.stm32cubemx\thirdparties\pdsc\STMicroelectronics.X-CUBE-IPS.3.1.0.pdsc: PDSC version is not supported
2025-09-15 21:02:31,470 [ERROR] Engine:463 - C:\Users\hi\.stm32cubemx\thirdparties\pdsc\STMicroelectronics.X-CUBE-ALS.1.0.2.pdsc: PDSC version is not supported
2025-09-15 21:02:31,519 [WARN] PackLoader:238 - Cannot read IP mode file for STMicroelectronics.X-CUBE-STSE01.1.0.0
2025-09-15 21:02:31,551 [WARN] PackLoader:238 - Cannot read IP mode file for portGmbH.I-Cube-SoM-uGOAL.1.1.0
2025-09-15 21:02:31,584 [ERROR] Engine:463 - C:\Users\hi\.stm32cubemx\thirdparties\pdsc\STMicroelectronics.X-CUBE-TOF1.3.4.3.pdsc: PDSC version is not supported
2025-09-15 21:02:31,584 [INFO] ThirdParty:915 - Integrity check success = true
2025-09-15 21:02:31,584 [INFO] IntegrityCheckThread:94 - exiting critical section [integrity check]
2025-09-15 21:02:31,584 [INFO] IntegrityCheckThread:97 - End integrity checks thread
2025-09-15 21:02:31,936 [INFO] DbMcus:175 - Found 1951 MCUs (1903 are supported by CubeMX, 1914 are visible in CubeMX)
2025-09-15 21:02:31,945 [INFO] ApiDb:251 - Load user favorites file C:\Users\hi/.stm32cubeide/favorites.mcus.txt: 0 item(s)
2025-09-15 21:02:31,945 [INFO] ApiDb:255 - User favorites MCUs=[]
2025-09-15 21:02:31,946 [INFO] DbMcus:187 - Set 0 / 0 favorites MCUs
2025-09-15 21:02:33,119 [INFO] DetailPanel:309 - Set advertising image to C:/Users/hi/STM32Cube/Repository/\en.2400x1350px.jpeg
2025-09-15 21:02:33,867 [INFO] DbBoardsPdsc:90 - Found 25 items
2025-09-15 21:02:33,890 [INFO] DbBoardsPdsc:90 - Found 9 items
2025-09-15 21:02:33,916 [INFO] DbBoardsPdsc:90 - Found 33 items
2025-09-15 21:02:33,935 [INFO] DbBoardsPdsc:90 - Found 1 items
2025-09-15 21:02:33,970 [INFO] DbBoardsPdsc:90 - Found 48 items
2025-09-15 21:02:34,004 [INFO] DbBoardsPdsc:90 - Found 43 items
2025-09-15 21:02:34,024 [INFO] DbBoardsPdsc:90 - Found 2 items
2025-09-15 21:02:34,046 [INFO] DbBoardsPdsc:90 - Found 5 items
2025-09-15 21:02:34,055 [WARN] DbBoardsPdsc:254 - Board STM32H7B3I-DK: unknown feature type=Audio, name=, username=Audio stereo codec with Headphone Amp (CS42L51-CNZ), n=1
2025-09-15 21:02:34,055 [WARN] DbBoardsPdsc:254 - Board STM32H735G-DK: unknown feature type=Audio, name=, username=Audio stereo codec with Headphone Amp (WM8994ECS/R), n=1
2025-09-15 21:02:34,057 [WARN] DbBoardsPdsc:254 - Board STM32H7B3I-EVAL: unknown feature type=Audio, name=, username=Multi-Channel Audio Codec (CS42L51-CNZ), n=1
2025-09-15 21:02:34,057 [WARN] DbBoardsPdsc:254 - Board STM32H7B3I-EVAL: unknown feature type=Meter, name=, username=Power-metering and Temperature-monitoring with sigma-delta modulators, n=1
2025-09-15 21:02:34,060 [WARN] DbBoardsPdsc:254 - Board STM32H7B3I-EVAL: unknown feature type=Motor, name=, username=Motor Control, n=1
2025-09-15 21:02:34,061 [WARN] DbBoardsPdsc:254 - Board STM32U575I-EV: unknown feature type=joystick, name=, username=4-direction joystick with selection button, n=1
2025-09-15 21:02:34,164 [INFO] DbBoardsJson:86 - JSON generation date=Tue Nov 16 23:17:54 ICT 2021 (1637079474)
2025-09-15 21:02:34,172 [INFO] DbBoards:117 - Found 167 boards (163 are supported by CubeMX)
2025-09-15 21:02:34,215 [INFO] DbBoardsDocs:143 - JSON generation date=Tue Nov 16 23:17:54 ICT 2021 (1637079474)
2025-09-15 21:02:34,224 [INFO] DbBoardsDocs:79 - Found 209 boards documents
2025-09-15 21:02:34,224 [WARN] DbBoards:127 - board B-L475E-IOT01A2 has no document id list !
2025-09-15 21:02:34,226 [WARN] DbBoards:127 - board NUCLEO-H743ZI has no document id list !
2025-09-15 21:02:34,230 [WARN] DbBoards:127 - board NUCLEO-WL55JC2 has no document id list !
2025-09-15 21:02:34,230 [WARN] DbBoards:127 - board P-NUCLEO-WB55-Nucleo has no document id list !
2025-09-15 21:02:34,230 [WARN] DbBoards:127 - board P-NUCLEO-WB55-USBDongle has no document id list !
2025-09-15 21:02:34,230 [WARN] DbBoards:127 - board STEVAL-BFA001V1B has no document id list !
2025-09-15 21:02:34,231 [WARN] DbBoards:127 - board STEVAL-BFA001V2B has no document id list !
2025-09-15 21:02:34,231 [WARN] DbBoards:127 - board STEVAL-IDP005V1 has no document id list !
2025-09-15 21:02:34,231 [WARN] DbBoards:127 - board STEVAL-IDP005V2 has no document id list !
2025-09-15 21:02:34,231 [WARN] DbBoards:127 - board STEVAL-MKSBOX1V1 has no document id list !
2025-09-15 21:02:34,231 [WARN] DbBoards:127 - board STEVAL-STWINKT1 has no document id list !
2025-09-15 21:02:34,232 [WARN] DbBoards:127 - board STEVAL-STWINKT1B has no document id list !
2025-09-15 21:02:34,233 [WARN] DbBoards:127 - board STM32439I-EVAL2 has no document id list !
2025-09-15 21:02:34,254 [WARN] DbBoards:127 - board STM32F401C-DISCO has no document id list !
2025-09-15 21:02:34,255 [WARN] DbBoards:127 - board STM32F769I-DISC1 has no document id list !
2025-09-15 21:02:34,255 [WARN] DbBoards:127 - board STM32G474E-EVAL1 has no document id list !
2025-09-15 21:02:34,255 [WARN] DbBoards:127 - board STM32H743I-EVAL2 has no document id list !
2025-09-15 21:02:34,255 [WARN] DbBoards:127 - board STM32H747I-DISC1 has no document id list !
2025-09-15 21:02:34,256 [WARN] DbBoards:127 - board STM32H753I-EVAL2 has no document id list !
2025-09-15 21:02:34,256 [WARN] DbBoards:127 - board STM32L-DISCOVERY has no document id list !
2025-09-15 21:02:34,569 [ERROR] DbBoards:189 - Image file not found for board B-U585I-IOT02A: C:\ST\STM32CubeIDE_1.7.0\STM32CubeIDE\plugins\com.st.stm32cube.common.mx_6.3.0.202107141111\\db\/plugins/mcufinder/images/boards/B-U585I-IOT02A_small.jpg
2025-09-15 21:02:34,841 [ERROR] DbBoards:189 - Image file not found for board NUCLEO-F413ZH: C:\ST\STM32CubeIDE_1.7.0\STM32CubeIDE\plugins\com.st.stm32cube.common.mx_6.3.0.202107141111\\db\/plugins/mcufinder/images/boards/nucleo-f413zh_small.jpg
2025-09-15 21:02:35,187 [ERROR] DbBoards:189 - Image file not found for board NUCLEO-L552ZE-Q: C:\ST\STM32CubeIDE_1.7.0\STM32CubeIDE\plugins\com.st.stm32cube.common.mx_6.3.0.202107141111\\db\/plugins/mcufinder/images/boards/nucleo_l552ze_q_small.jpg
2025-09-15 21:02:35,187 [ERROR] DbBoards:189 - Image file not found for board NUCLEO-U575ZI-Q: C:\ST\STM32CubeIDE_1.7.0\STM32CubeIDE\plugins\com.st.stm32cube.common.mx_6.3.0.202107141111\\db\/plugins/mcufinder/images/boards/nucleo-u575zi-q_small.jpg
2025-09-15 21:02:35,188 [ERROR] DbBoards:189 - Image file not found for board NUCLEO-WB15CC: C:\ST\STM32CubeIDE_1.7.0\STM32CubeIDE\plugins\com.st.stm32cube.common.mx_6.3.0.202107141111\\db\/plugins/mcufinder/images/boards/nucleo-wb15cc_small.jpg
2025-09-15 21:02:35,188 [ERROR] DbBoards:189 - Image file not found for board NUCLEO-WB55RG: C:\ST\STM32CubeIDE_1.7.0\STM32CubeIDE\plugins\com.st.stm32cube.common.mx_6.3.0.202107141111\\db\/plugins/mcufinder/images/boards/nucleo-wb55rg_small.jpg
2025-09-15 21:02:37,094 [INFO] ApiDb:251 - Load user favorites file C:\Users\hi/.stm32cubeide/favorites.boards.txt: 0 item(s)
2025-09-15 21:02:37,094 [INFO] ApiDb:255 - User favorites Boards=[]
2025-09-15 21:02:37,095 [INFO] DbBoards:206 - Set 0 / 0 favorites Boards
2025-09-15 21:05:11,544 [INFO] MainUpdater:2671 - connection check result : 10
2025-09-15 21:05:11,544 [INFO] MainUpdater:2671 - connection check result : 10
2025-09-15 21:05:11,636 [INFO] MicroXplorer:448 - Change Database Path : 
2025-09-15 21:05:11,637 [INFO] MicroXplorer:478 - Change Database Version : DB.6.0.30
2025-09-15 21:05:11,640 [WARN] ThirdParty:813 - waiting for thirdparty lock release [close project]
2025-09-15 21:05:11,640 [INFO] ThirdParty:815 - entering critical section [close project]
2025-09-15 21:05:11,642 [INFO] ThirdParty:825 - exiting critical section [close project]
2025-09-15 21:05:11,661 [INFO] PinOutPanel:1463 - setPackage(No Configuration,No Configuration)
2025-09-15 21:05:11,662 [INFO] UtilMem:74 - Begin LoadConfig() Used Memory: 1012388712 Bytes (1025507328)
2025-09-15 21:05:11,664 [INFO] MicroXplorer:448 - Change Database Path : 
2025-09-15 21:05:11,664 [INFO] MicroXplorer:478 - Change Database Version : DB.6.0.30
2025-09-15 21:05:11,664 [INFO] OpenFileManager:313 - Change cursor
2025-09-15 21:05:13,173 [INFO] Context:592 - Trying to add GPIOservice into a context  which must be forbidden
2025-09-15 21:05:13,658 [WARN] ApiManager:304 - Cannot register API 'Board Extension:PM33A1' from pack STMicroelectronics.X-CUBE-PM33A1.1.0.0: no header file found
2025-09-15 21:05:13,664 [WARN] ApiManager:304 - Cannot register API 'Board Extension:NFC09A1' from pack STMicroelectronics.X-CUBE-NFC9.1.0.0: no header file found
2025-09-15 21:05:13,672 [WARN] ApiManager:304 - Cannot register API 'Wireless:BlueNRG-MS' from pack STMicroelectronics.X-CUBE-BLE1.7.1.0: no header file found
2025-09-15 21:05:13,676 [WARN] ApiManager:304 - Cannot register API 'Board Extension:EEPRMA2' from pack STMicroelectronics.X-CUBE-EEPRMA1.5.2.0: no header file found
2025-09-15 21:05:13,677 [WARN] ApiManager:304 - Cannot register API 'Board Extension:PGEEZ1' from pack STMicroelectronics.X-CUBE-EEPRMA1.5.2.0: no header file found
2025-09-15 21:05:13,677 [WARN] ApiManager:304 - Cannot register API 'Board Extension:EEICA1' from pack STMicroelectronics.X-CUBE-EEPRMA1.5.2.0: no header file found
2025-09-15 21:05:13,677 [WARN] ApiManager:304 - Cannot register API 'Board Part:M24' from pack STMicroelectronics.X-CUBE-EEPRMA1.5.2.0: no header file found
2025-09-15 21:05:13,677 [WARN] ApiManager:304 - Cannot register API 'Board Part:M95' from pack STMicroelectronics.X-CUBE-EEPRMA1.5.2.0: no header file found
2025-09-15 21:05:13,677 [WARN] ApiManager:304 - Cannot register API 'Board Part:M95P32' from pack STMicroelectronics.X-CUBE-EEPRMA1.5.2.0: no header file found
2025-09-15 21:05:13,678 [WARN] ApiManager:304 - Cannot register API 'Board Part:M24256E-F' from pack STMicroelectronics.X-CUBE-EEPRMA1.5.2.0: no header file found
2025-09-15 21:05:13,678 [WARN] ApiManager:304 - Cannot register API 'Board Part:M24M01E-F' from pack STMicroelectronics.X-CUBE-EEPRMA1.5.2.0: no header file found
2025-09-15 21:05:13,678 [WARN] ApiManager:304 - Cannot register API 'PGEEZ1:SPI' from pack STMicroelectronics.X-CUBE-EEPRMA1.5.2.0: no header file found
2025-09-15 21:05:13,678 [WARN] ApiManager:304 - Cannot register API 'PGEEZ1:QDSPI' from pack STMicroelectronics.X-CUBE-EEPRMA1.5.2.0: no header file found
2025-09-15 21:05:13,683 [WARN] ApiManager:304 - Cannot register API 'Board Extension:GNSS1A1' from pack STMicroelectronics.X-CUBE-GNSS1.7.0.1: no header file found
2025-09-15 21:05:13,684 [WARN] ApiManager:304 - Cannot register API 'Board Support:Custom' from pack STMicroelectronics.X-CUBE-GNSS1.7.0.1: no header file found
2025-09-15 21:05:13,684 [WARN] ApiManager:304 - Cannot register API 'Data Exchange:lib_gnss' from pack STMicroelectronics.X-CUBE-GNSS1.7.0.1: no header file found
2025-09-15 21:05:13,686 [WARN] ApiManager:304 - Cannot register API 'Board Extension:NFC12A1' from pack STMicroelectronics.X-CUBE-NFC12.1.0.0: no header file found
2025-09-15 21:05:13,700 [WARN] ApiManager:304 - Cannot register API 'Board Extension:NFC06A1' from pack STMicroelectronics.X-CUBE-NFC6.3.1.0: no header file found
2025-09-15 21:05:13,700 [WARN] ApiManager:304 - Cannot register API 'Board Extension:NFC08A1' from pack STMicroelectronics.X-CUBE-NFC6.3.1.0: no header file found
2025-09-15 21:05:13,702 [INFO] RtosManager:484 - Registered RTOS mode: class=CMSIS, group=RTOS, mode=CMSIS_V1, owner=FREERTOS
2025-09-15 21:05:13,702 [INFO] RtosManager:484 - Registered RTOS mode: class=CMSIS, group=RTOS2, mode=CMSIS_V2, owner=FREERTOS
2025-09-15 21:05:13,702 [INFO] RtosManager:484 - Registered RTOS mode: class=RTOS, group=Core, mode=CMSIS_V1, owner=FREERTOS
2025-09-15 21:05:13,702 [INFO] RtosManager:484 - Registered RTOS mode: class=RTOS, group=Core, mode=CMSIS_V2, owner=FREERTOS
2025-09-15 21:05:13,703 [WARN] ModelIntegratedComponent:181 - Missing modes for component STMicroelectronics:FreeRTOS:0.0.1:STMicroelectronics:RTOS:FreeRTOS:Core:::10.2.0:
2025-09-15 21:05:13,706 [WARN] ApiManager:304 - Cannot register API 'Board Extension:STSAFEA1' from pack STMicroelectronics.X-CUBE-SAFEA1.1.2.2: no header file found
2025-09-15 21:05:13,706 [WARN] ApiManager:304 - Cannot register API 'Board Part:STSAFEA110' from pack STMicroelectronics.X-CUBE-SAFEA1.1.2.2: no header file found
2025-09-15 21:05:13,706 [WARN] ApiManager:304 - Cannot register API 'Security:ST_Cryptolib' from pack STMicroelectronics.X-CUBE-SAFEA1.1.2.2: no header file found
2025-09-15 21:05:13,707 [WARN] ApiManager:304 - Cannot register API 'Security:MbedTLS' from pack STMicroelectronics.X-CUBE-SAFEA1.1.2.2: no header file found
2025-09-15 21:05:13,708 [WARN] ApiManager:304 - Cannot register API 'Board Extension:NFC04A1' from pack STMicroelectronics.X-CUBE-NFC4.3.0.0: no header file found
2025-09-15 21:05:13,717 [WARN] ApiManager:304 - Cannot register API 'Board Extension:S2868A1' from pack STMicroelectronics.X-CUBE-SUBG2.5.0.0: no header file found
2025-09-15 21:05:13,717 [WARN] ApiManager:304 - Cannot register API 'Board Extension:S2868A2' from pack STMicroelectronics.X-CUBE-SUBG2.5.0.0: no header file found
2025-09-15 21:05:13,717 [WARN] ApiManager:304 - Cannot register API 'Board Extension:S2915A1' from pack STMicroelectronics.X-CUBE-SUBG2.5.0.0: no header file found
2025-09-15 21:05:13,724 [WARN] ApiManager:304 - Cannot register API 'Wireless:STM32WB05N' from pack STMicroelectronics.X-CUBE-WB05N.2.0.0: no header file found
2025-09-15 21:05:13,729 [WARN] ApiManager:304 - Cannot register API 'Board Extension:NFC07A1' from pack STMicroelectronics.X-CUBE-NFC7.2.0.0: no header file found
2025-09-15 21:05:13,732 [WARN] ApiManager:304 - Cannot register API 'Board Extension:NFC10A1' from pack STMicroelectronics.X-CUBE-NFC10.1.0.0: no header file found
2025-09-15 21:05:13,734 [WARN] ModelIntegratedComponent:60 - No mode defined for component null
2025-09-15 21:05:13,735 [WARN] ModelIntegratedComponent:60 - No mode defined for component null
2025-09-15 21:05:13,735 [WARN] ModelIntegratedComponent:60 - No mode defined for component null
2025-09-15 21:05:13,735 [WARN] ModelIntegratedComponent:60 - No mode defined for component null
2025-09-15 21:05:13,735 [WARN] ModelIntegratedComponent:60 - No mode defined for component null
2025-09-15 21:05:13,735 [WARN] ModelIntegratedComponent:60 - No mode defined for component null
2025-09-15 21:05:13,736 [WARN] ModelIntegratedComponent:60 - No mode defined for component null
2025-09-15 21:05:13,736 [WARN] ModelIntegratedComponent:60 - No mode defined for component null
2025-09-15 21:05:13,736 [WARN] ModelIntegratedComponent:60 - No mode defined for component null
2025-09-15 21:05:13,736 [WARN] ModelIntegratedComponent:60 - No mode defined for component null
2025-09-15 21:05:13,736 [WARN] ModelIntegratedComponent:60 - No mode defined for component null
2025-09-15 21:05:13,736 [WARN] ModelIntegratedComponent:60 - No mode defined for component null
2025-09-15 21:05:13,736 [WARN] ModelIntegratedComponent:60 - No mode defined for component null
2025-09-15 21:05:13,737 [WARN] ModelIntegratedComponent:60 - No mode defined for component null
2025-09-15 21:05:13,737 [WARN] ModelIntegratedComponent:60 - No mode defined for component null
2025-09-15 21:05:13,737 [WARN] ModelIntegratedComponent:60 - No mode defined for component null
2025-09-15 21:05:13,737 [WARN] ModelIntegratedComponent:60 - No mode defined for component null
2025-09-15 21:05:13,737 [WARN] ModelIntegratedComponent:60 - No mode defined for component null
2025-09-15 21:05:13,737 [WARN] ModelIntegratedComponent:60 - No mode defined for component null
2025-09-15 21:05:13,737 [WARN] ModelIntegratedComponent:60 - No mode defined for component null
2025-09-15 21:05:13,738 [WARN] ModelIntegratedComponent:60 - No mode defined for component null
2025-09-15 21:05:13,738 [WARN] ModelIntegratedComponent:60 - No mode defined for component null
2025-09-15 21:05:13,738 [WARN] ModelIntegratedComponent:60 - No mode defined for component null
2025-09-15 21:05:13,738 [WARN] ModelIntegratedComponent:60 - No mode defined for component null
2025-09-15 21:05:13,738 [WARN] ModelIntegratedComponent:60 - No mode defined for component null
2025-09-15 21:05:13,738 [WARN] ModelIntegratedComponent:60 - No mode defined for component null
2025-09-15 21:05:13,738 [WARN] ModelIntegratedComponent:60 - No mode defined for component null
2025-09-15 21:05:13,739 [WARN] ModelIntegratedComponent:60 - No mode defined for component null
2025-09-15 21:05:13,739 [WARN] ModelIntegratedComponent:60 - No mode defined for component null
2025-09-15 21:05:13,739 [WARN] ModelIntegratedComponent:60 - No mode defined for component null
2025-09-15 21:05:13,739 [WARN] ModelIntegratedComponent:60 - No mode defined for component null
2025-09-15 21:05:13,742 [WARN] ApiManager:304 - Cannot register API 'Board Extension:SAFEA1' from pack STMicroelectronics.X-CUBE-STSE01.1.0.0: no header file found
2025-09-15 21:05:13,742 [WARN] ApiManager:304 - Cannot register API 'Board Extension:ESE01A1' from pack STMicroelectronics.X-CUBE-STSE01.1.0.0: no header file found
2025-09-15 21:05:13,742 [WARN] ApiManager:304 - Cannot register API 'Board Part:STSAFEA110' from pack STMicroelectronics.X-CUBE-STSE01.1.0.0: no header file found
2025-09-15 21:05:13,742 [WARN] ApiManager:304 - Cannot register API 'Board Part:STSAFEA120' from pack STMicroelectronics.X-CUBE-STSE01.1.0.0: no header file found
2025-09-15 21:05:13,742 [WARN] ApiManager:304 - Cannot register API 'Security:STM32_Cryptographic' from pack STMicroelectronics.X-CUBE-STSE01.1.0.0: no header file found
2025-09-15 21:05:13,743 [WARN] ApiManager:304 - Cannot register API 'Security:STSELib' from pack STMicroelectronics.X-CUBE-STSE01.1.0.0: no header file found
2025-09-15 21:05:14,259 [WARN] ApiManager:304 - Cannot register API 'Board Extension:IKS01A3' from pack STMicroelectronics.X-CUBE-MEMS1.11.3.0: no header file found
2025-09-15 21:05:14,259 [WARN] ApiManager:304 - Cannot register API 'Board Extension:IKS02A1' from pack STMicroelectronics.X-CUBE-MEMS1.11.3.0: no header file found
2025-09-15 21:05:14,259 [WARN] ApiManager:304 - Cannot register API 'Board Extension:IKS4A1' from pack STMicroelectronics.X-CUBE-MEMS1.11.3.0: no header file found
2025-09-15 21:05:14,278 [WARN] ApiManager:304 - Cannot register API 'Board Extension:S2868A1' from pack STMicroelectronics.X-CUBE-SFXS2LP1.4.0.0: no header file found
2025-09-15 21:05:14,278 [WARN] ApiManager:304 - Cannot register API 'Board Extension:S2868A2' from pack STMicroelectronics.X-CUBE-SFXS2LP1.4.0.0: no header file found
2025-09-15 21:05:14,278 [WARN] ApiManager:304 - Cannot register API 'Board Extension:S2915A1' from pack STMicroelectronics.X-CUBE-SFXS2LP1.4.0.0: no header file found
2025-09-15 21:05:14,279 [WARN] ApiManager:304 - Cannot register API 'Wireless:BlueNRG-2' from pack STMicroelectronics.X-CUBE-BLE2.3.3.0: no header file found
2025-09-15 21:05:18,680 [INFO] UtilMem:74 - End LoadConfig() Used Memory: 1034410480 Bytes (1044381696)
2025-09-15 21:05:18,693 [WARN] ThirdParty:779 - waiting for thirdparty lock release [change project]
2025-09-15 21:05:18,694 [INFO] ThirdParty:781 - entering critical section [change project]
2025-09-15 21:05:18,694 [INFO] ThirdParty:967 - CMSIS Pack Vendor :STMicroelectronics X-CUBE-PM33A1 1.0.0
2025-09-15 21:05:18,694 [INFO] ThirdParty:967 - CMSIS Pack Vendor :STMicroelectronics X-CUBE-NFC9 1.0.0
2025-09-15 21:05:18,694 [INFO] ThirdParty:967 - CMSIS Pack Vendor :STMicroelectronics USB_HOST 2.0.0
2025-09-15 21:05:18,694 [INFO] ThirdParty:967 - CMSIS Pack Vendor :STMicroelectronics X-CUBE-AZRTOS-F4 1.1.0
2025-09-15 21:05:18,694 [INFO] ThirdParty:967 - CMSIS Pack Vendor :STMicroelectronics FP-ATR-ASTRA1 2.0.2
2025-09-15 21:05:18,694 [INFO] ThirdParty:967 - CMSIS Pack Vendor :wolfSSL I-CUBE-wolfSSL 5.8.2
2025-09-15 21:05:18,694 [INFO] ThirdParty:967 - CMSIS Pack Vendor :STMicroelectronics X-CUBE-BLE1 7.1.0
2025-09-15 21:05:18,694 [INFO] ThirdParty:967 - CMSIS Pack Vendor :wolfSSL I-CUBE-wolfMQTT 1.19.2
2025-09-15 21:05:18,694 [INFO] ThirdParty:967 - CMSIS Pack Vendor :STMicroelectronics USB_DEVICE 3.0.0
2025-09-15 21:05:18,694 [INFO] ThirdParty:967 - CMSIS Pack Vendor :STMicroelectronics X-CUBE-ISPU 2.1.0
2025-09-15 21:05:18,694 [INFO] ThirdParty:967 - CMSIS Pack Vendor :STMicroelectronics X-CUBE-EEPRMA1 5.2.0
2025-09-15 21:05:18,694 [INFO] ThirdParty:967 - CMSIS Pack Vendor :STMicroelectronics X-CUBE-AZRTOS-WB 2.0.0
2025-09-15 21:05:18,695 [INFO] ThirdParty:967 - CMSIS Pack Vendor :STMicroelectronics X-CUBE-GNSS1 7.0.1
2025-09-15 21:05:18,695 [INFO] ThirdParty:967 - CMSIS Pack Vendor :STMicroelectronics X-CUBE-NFC12 1.0.0
2025-09-15 21:05:18,695 [INFO] ThirdParty:967 - CMSIS Pack Vendor :STMicroelectronics X-CUBE-AZRTOS-F7 1.1.0
2025-09-15 21:05:18,695 [INFO] ThirdParty:967 - CMSIS Pack Vendor :STMicroelectronics X-CUBE-AZRTOS-L5 2.0.0
2025-09-15 21:05:18,695 [INFO] ThirdParty:967 - CMSIS Pack Vendor :STMicroelectronics X-CUBE-TOUCHGFX 4.25.0
2025-09-15 21:05:18,695 [INFO] ThirdParty:967 - CMSIS Pack Vendor :STMicroelectronics USB_DEVICE 2.0.0
2025-09-15 21:05:18,695 [INFO] ThirdParty:967 - CMSIS Pack Vendor :STMicroelectronics X-CUBE-NFC6 3.1.0
2025-09-15 21:05:18,695 [INFO] ThirdParty:967 - CMSIS Pack Vendor :STMicroelectronics FreeRTOS 0.0.1
2025-09-15 21:05:18,695 [INFO] ThirdParty:967 - CMSIS Pack Vendor :STMicroelectronics X-CUBE-AZRTOS-G0 1.1.0
2025-09-15 21:05:18,695 [INFO] ThirdParty:967 - CMSIS Pack Vendor :STMicroelectronics X-CUBE-SAFEA1 1.2.2
2025-09-15 21:05:18,695 [INFO] ThirdParty:967 - CMSIS Pack Vendor :STMicroelectronics X-CUBE-NFC4 3.0.0
2025-09-15 21:05:18,695 [INFO] ThirdParty:967 - CMSIS Pack Vendor :STMicroelectronics X-CUBE-SUBG2 5.0.0
2025-09-15 21:05:18,696 [INFO] ThirdParty:967 - CMSIS Pack Vendor :STMicroelectronics X-CUBE-AZRTOS-H7RS 1.1.0
2025-09-15 21:05:18,696 [INFO] ThirdParty:967 - CMSIS Pack Vendor :STMicroelectronics lwIP 2.0.3
2025-09-15 21:05:18,696 [INFO] ThirdParty:967 - CMSIS Pack Vendor :STMicroelectronics USB_HOST 1.0.0
2025-09-15 21:05:18,696 [INFO] ThirdParty:967 - CMSIS Pack Vendor :STMicroelectronics X-CUBE-AZRTOS-G4 2.0.0
2025-09-15 21:05:18,696 [INFO] ThirdParty:967 - CMSIS Pack Vendor :STMicroelectronics X-CUBE-WB05N 2.0.0
2025-09-15 21:05:18,696 [INFO] ThirdParty:967 - CMSIS Pack Vendor :STMicroelectronics PDM2PCM 3.1.0
2025-09-15 21:05:18,696 [INFO] ThirdParty:967 - CMSIS Pack Vendor :STMicroelectronics PDM2PCM 3.3.0
2025-09-15 21:05:18,696 [INFO] ThirdParty:967 - CMSIS Pack Vendor :wolfSSL I-CUBE-wolfTPM 3.8.0
2025-09-15 21:05:18,696 [INFO] ThirdParty:967 - CMSIS Pack Vendor :STMicroelectronics X-CUBE-AZRTOS-H7 3.4.0
2025-09-15 21:05:18,696 [INFO] ThirdParty:967 - CMSIS Pack Vendor :wolfSSL I-CUBE-wolfSSH 1.4.20
2025-09-15 21:05:18,696 [INFO] ThirdParty:967 - CMSIS Pack Vendor :STMicroelectronics X-CUBE-NFC7 2.0.0
2025-09-15 21:05:18,696 [INFO] ThirdParty:967 - CMSIS Pack Vendor :STMicroelectronics FP-ATR-SIGFOX1 3.2.0
2025-09-15 21:05:18,696 [INFO] ThirdParty:967 - CMSIS Pack Vendor :STMicroelectronics X-CUBE-NFC10 1.0.0
2025-09-15 21:05:18,697 [INFO] ThirdParty:967 - CMSIS Pack Vendor :STMicroelectronics HAL Drivers 0.0.0
2025-09-15 21:05:18,697 [INFO] ThirdParty:967 - CMSIS Pack Vendor :STMicroelectronics MBEDTLS 2.16.2
2025-09-15 21:05:18,697 [INFO] ThirdParty:967 - CMSIS Pack Vendor :STMicroelectronics MBEDTLS 2.14.1
2025-09-15 21:05:18,697 [INFO] ThirdParty:967 - CMSIS Pack Vendor :STMicroelectronics X-CUBE-STSE01 1.0.0
2025-09-15 21:05:18,697 [INFO] ThirdParty:967 - CMSIS Pack Vendor :portGmbH I-Cube-SoM-uGOAL 1.1.0
2025-09-15 21:05:18,697 [INFO] ThirdParty:967 - CMSIS Pack Vendor :STMicroelectronics X-CUBE-AI 10.2.0
2025-09-15 21:05:18,697 [INFO] ThirdParty:967 - CMSIS Pack Vendor :STMicroelectronics X-CUBE-AZRTOS-WL 2.0.0
2025-09-15 21:05:18,697 [INFO] ThirdParty:967 - CMSIS Pack Vendor :SEGGER I-CUBE-embOS 1.3.1
2025-09-15 21:05:18,697 [INFO] ThirdParty:967 - CMSIS Pack Vendor :STMicroelectronics X-CUBE-ALGOBUILD 1.4.0
2025-09-15 21:05:18,697 [INFO] ThirdParty:967 - CMSIS Pack Vendor :STMicroelectronics X-CUBE-MEMS1 11.3.0
2025-09-15 21:05:18,697 [INFO] ThirdParty:967 - CMSIS Pack Vendor :STMicroelectronics USB_DEVICE 1.0.0
2025-09-15 21:05:18,697 [INFO] ThirdParty:967 - CMSIS Pack Vendor :STMicroelectronics X-CUBE-AZRTOS-L4 2.0.0
2025-09-15 21:05:18,697 [INFO] ThirdParty:967 - CMSIS Pack Vendor :STMicroelectronics ThreadX 0.0.2
2025-09-15 21:05:18,698 [INFO] ThirdParty:967 - CMSIS Pack Vendor :STMicroelectronics lwIP 2.1.2
2025-09-15 21:05:18,698 [INFO] ThirdParty:967 - CMSIS Pack Vendor :STMicroelectronics X-CUBE-SFXS2LP1 4.0.0
2025-09-15 21:05:18,698 [INFO] ThirdParty:967 - CMSIS Pack Vendor :STMicroelectronics X-CUBE-BLE2 3.3.0
2025-09-15 21:05:18,698 [INFO] ThirdParty:967 - CMSIS Pack Vendor :STMicroelectronics PDM2PCM 3.2.0
2025-09-15 21:05:18,698 [INFO] ThirdParty:787 - exiting critical section [change project]
2025-09-15 21:05:19,079 [INFO] PinOutPanel:1463 - setPackage(No Configuration,No Configuration)
2025-09-15 21:05:19,081 [INFO] PinOutPanel:1463 - setPackage(STM32F103C6Ux,UFQFPN48)
2025-09-15 21:05:19,789 [INFO] UtilMem:74 - Before build in PCC Used Memory: 1043098248 Bytes (1062207488)
2025-09-15 21:05:20,757 [INFO] UtilMem:74 - After build in PCC Used Memory: 1029135504 Bytes (1065353216)
2025-09-15 21:05:20,792 [INFO] IPUIPlugin:74 - create IPUIPlugin
2025-09-15 21:05:20,792 [INFO] IPUIPlugin:74 - create IPUIPlugin
2025-09-15 21:05:20,792 [INFO] IPUIPlugin:74 - create IPUIPlugin
2025-09-15 21:05:20,793 [INFO] IPUIPlugin:74 - create IPUIPlugin
2025-09-15 21:05:20,793 [INFO] IPUIPlugin:74 - create IPUIPlugin
2025-09-15 21:05:20,794 [INFO] IPUIPlugin:74 - create IPUIPlugin
2025-09-15 21:05:20,794 [INFO] IPUIPlugin:74 - create IPUIPlugin
2025-09-15 21:05:20,794 [INFO] IPUIPlugin:74 - create IPUIPlugin
2025-09-15 21:05:20,795 [INFO] IPUIPlugin:74 - create IPUIPlugin
2025-09-15 21:05:20,795 [INFO] IPUIPlugin:74 - create IPUIPlugin
2025-09-15 21:05:20,796 [INFO] IPUIPlugin:74 - create IPUIPlugin
2025-09-15 21:05:20,796 [INFO] IPUIPlugin:74 - create IPUIPlugin
2025-09-15 21:05:20,797 [INFO] IPUIPlugin:74 - create IPUIPlugin
2025-09-15 21:05:20,798 [INFO] IPUIPlugin:74 - create IPUIPlugin
2025-09-15 21:05:20,798 [INFO] IPUIPlugin:74 - create IPUIPlugin
2025-09-15 21:05:20,799 [INFO] IPUIPlugin:74 - create IPUIPlugin
2025-09-15 21:05:20,799 [INFO] IPUIPlugin:74 - create IPUIPlugin
2025-09-15 21:05:20,800 [INFO] IPUIPlugin:74 - create IPUIPlugin
2025-09-15 21:05:20,800 [INFO] IPUIPlugin:74 - create IPUIPlugin
2025-09-15 21:05:20,801 [INFO] IPUIPlugin:74 - create IPUIPlugin
2025-09-15 21:05:20,802 [INFO] IPUIPlugin:74 - create IPUIPlugin
2025-09-15 21:05:20,804 [INFO] IPUIPlugin:74 - create IPUIPlugin
2025-09-15 21:05:20,805 [INFO] IPUIPlugin:74 - create IPUIPlugin
2025-09-15 21:05:20,992 [INFO] OpenFileManager:333 - Restore cursor
2025-09-15 21:05:21,427 [INFO] UtilMem:74 - End SaveConfig() Used Memory: 1049921736 Bytes (1067450368)
2025-09-15 21:05:21,508 [INFO] UtilMem:74 - End SaveConfig() Used Memory: 1060263304 Bytes (1067450368)
2025-09-15 21:05:22,754 [INFO] BlockDiagram:2740 - set Specific Code input for plugin: NVIC
2025-09-15 21:05:22,754 [INFO] BlockDiagram:2740 - set Specific Code input for plugin: SYS
2025-09-15 21:05:22,755 [INFO] BlockDiagram:2740 - set Specific Code input for plugin: GPIO
2025-09-15 21:05:22,755 [INFO] BlockDiagram:2740 - set Specific Code input for plugin: RCC
2025-09-15 21:05:22,755 [INFO] BlockDiagram:2740 - set Specific Code input for plugin: TIM1_8F1
2025-09-15 21:05:22,755 [INFO] CodeGenerator:663 - code generatio: config db path: C:\ST\STM32CubeIDE_1.7.0\STM32CubeIDE\plugins\com.st.stm32cube.common.mx_6.3.0.202107141111\\db\
2025-09-15 21:05:23,252 [INFO] CodeEngine:239 - oldGeneratedFile, D:\destiny\Microprocessor_Lab\lab2\Lab2_ex5\Lab2_ex5\MXTmpFiles\license.tmp_save
2025-09-15 21:05:23,777 [INFO] CodeEngine:257 - Generated code: D:\destiny\Microprocessor_Lab\lab2\Lab2_ex5\Lab2_ex5\MXTmpFiles\license.tmp
2025-09-15 21:05:23,975 [INFO] CodeEngine:239 - oldGeneratedFile, D:\destiny\Microprocessor_Lab\lab2\Lab2_ex5\Lab2_ex5\MXTmpFiles\gpio.tmp_save
2025-09-15 21:05:24,212 [INFO] CodeEngine:257 - Generated code: D:\destiny\Microprocessor_Lab\lab2\Lab2_ex5\Lab2_ex5\MXTmpFiles\gpio.tmp
2025-09-15 21:05:24,563 [INFO] CodeEngine:239 - oldGeneratedFile, D:\destiny\Microprocessor_Lab\lab2\Lab2_ex5\Lab2_ex5\Core\Src\stm32f1xx_it.c_save
2025-09-15 21:05:24,775 [INFO] CodeEngine:257 - Generated code: D:\destiny\Microprocessor_Lab\lab2\Lab2_ex5\Lab2_ex5\Core\Src\stm32f1xx_it.c
2025-09-15 21:05:24,790 [INFO] CodeEngine:239 - oldGeneratedFile, D:\destiny\Microprocessor_Lab\lab2\Lab2_ex5\Lab2_ex5\Core\Inc\stm32f1xx_it.h_save
2025-09-15 21:05:24,930 [INFO] CodeEngine:257 - Generated code: D:\destiny\Microprocessor_Lab\lab2\Lab2_ex5\Lab2_ex5\Core\Inc\stm32f1xx_it.h
2025-09-15 21:05:24,959 [INFO] CodeEngine:239 - oldGeneratedFile, D:\destiny\Microprocessor_Lab\lab2\Lab2_ex5\Lab2_ex5\Core\Src\stm32f1xx_hal_msp.c_save
2025-09-15 21:05:25,198 [INFO] CodeEngine:257 - Generated code: D:\destiny\Microprocessor_Lab\lab2\Lab2_ex5\Lab2_ex5\Core\Src\stm32f1xx_hal_msp.c
2025-09-15 21:05:25,216 [INFO] CodeEngine:239 - oldGeneratedFile, D:\destiny\Microprocessor_Lab\lab2\Lab2_ex5\Lab2_ex5\MXTmpFiles\system.tmp_save
2025-09-15 21:05:25,337 [INFO] CodeEngine:257 - Generated code: D:\destiny\Microprocessor_Lab\lab2\Lab2_ex5\Lab2_ex5\MXTmpFiles\system.tmp
2025-09-15 21:05:25,362 [INFO] CodeEngine:239 - oldGeneratedFile, D:\destiny\Microprocessor_Lab\lab2\Lab2_ex5\Lab2_ex5\Core\Inc\stm32f1xx_hal_conf.h_save
2025-09-15 21:05:25,513 [INFO] CodeEngine:257 - Generated code: D:\destiny\Microprocessor_Lab\lab2\Lab2_ex5\Lab2_ex5\Core\Inc\stm32f1xx_hal_conf.h
2025-09-15 21:05:25,572 [WARN] IPConfigManager:3148 - IP not found : TIM
2025-09-15 21:05:25,573 [WARN] CodeGenerator:3268 - IP not found : null
2025-09-15 21:05:25,595 [INFO] CodeEngine:239 - oldGeneratedFile, D:\destiny\Microprocessor_Lab\lab2\Lab2_ex5\Lab2_ex5\Core\Inc\main.h_save
2025-09-15 21:05:25,735 [INFO] CodeEngine:257 - Generated code: D:\destiny\Microprocessor_Lab\lab2\Lab2_ex5\Lab2_ex5\Core\Inc\main.h
2025-09-15 21:05:25,751 [INFO] CodeEngine:239 - oldGeneratedFile, D:\destiny\Microprocessor_Lab\lab2\Lab2_ex5\Lab2_ex5\Core\Src\main.c_save
2025-09-15 21:05:25,906 [INFO] CodeEngine:257 - Generated code: D:\destiny\Microprocessor_Lab\lab2\Lab2_ex5\Lab2_ex5\Core\Src\main.c
2025-09-15 21:05:27,904 [INFO] ProjectBuilder:2578 - Time for Copy HAL[1] : 100mS.
2025-09-15 21:05:27,911 [INFO] ProjectBuilder:3622 - Project Generator version: 3.14.1
2025-09-15 21:05:28,646 [INFO] ConfigFileManager:1271 - The Die is : DIE412
2025-09-15 21:05:28,688 [INFO] ApiDbMcu:468 - Load IP Config File for FATFS
2025-09-15 21:05:28,740 [INFO] ApiDbMcu:468 - Load IP Config File for FREERTOS
2025-09-15 21:05:28,793 [INFO] ApiDbMcu:468 - Load IP Config File for USB_DEVICE
2025-09-15 21:05:37,697 [INFO] ProjectBuilder:3789 - Time for Generating toolchain IDE Files: 9786mS.
2025-09-15 21:05:37,698 [INFO] ProjectBuilder:2457 - Time for Copy CMSIS : 0mS.
2025-09-15 21:05:37,699 [INFO] ProjectBuilder:2457 - Time for Copy CMSIS : 0mS.
2025-09-15 21:05:38,447 [INFO] McuFinderGlobals:52 - Set McuFinderConnectedMode to true
2025-09-15 21:05:39,187 [INFO] ApiDb:276 - Save user favorites file C:\Users\hi/.stm32cubeide/favorites.mcus.txt: 0 item(s)
2025-09-15 21:05:39,187 [INFO] ApiDb:280 - User favorites MCUs=[]
2025-09-16 21:28:05,717 [INFO] Activator:177 - 


2025-09-16 21:28:05,733 [INFO] Activator:178 - !SESSION log4j initialized
2025-09-18 19:02:01,732 [INFO] Activator:177 - 


2025-09-18 19:02:01,732 [INFO] Activator:178 - !SESSION log4j initialized
2025-09-18 19:04:41,619 [INFO] McuFinderGlobals:39 - Set McuFinder mode to 2 (CubeIDE integrated)
2025-09-18 19:04:41,901 [INFO] ApplicationProperties:181 - Using Application install path: C:\ST\STM32CubeIDE_1.7.0\STM32CubeIDE\plugins\com.st.stm32cube.common.mx_6.3.0.202107141111
2025-09-18 19:04:41,916 [INFO] DbMcusXml:74 - Set database path to: C:\ST\STM32CubeIDE_1.7.0\STM32CubeIDE\plugins\com.st.stm32cube.common.mx_6.3.0.202107141111\\db\/mcu/
2025-09-18 19:04:41,916 [INFO] DbBoardsPdsc:56 - Set plugin database path to: C:\ST\STM32CubeIDE_1.7.0\STM32CubeIDE\plugins\com.st.stm32cube.common.mx_6.3.0.202107141111\\db\/plugins/boardmanager/
2025-09-18 19:04:41,916 [INFO] DbMcus:258 - Set plugin images path to: C:\ST\STM32CubeIDE_1.7.0\STM32CubeIDE\plugins\com.st.stm32cube.common.mx_6.3.0.202107141111\\db\/plugins/mcufinder/images/
2025-09-18 19:04:41,916 [INFO] DbBoards:264 - Set plugin images path to: C:\ST\STM32CubeIDE_1.7.0\STM32CubeIDE\plugins\com.st.stm32cube.common.mx_6.3.0.202107141111\\db\/plugins/mcufinder/images/
2025-09-18 19:04:41,916 [INFO] DbExamples:333 - Set plugin images path to: C:\ST\STM32CubeIDE_1.7.0\STM32CubeIDE\plugins\com.st.stm32cube.common.mx_6.3.0.202107141111\\db\/plugins/mcufinder/images/
2025-09-18 19:04:41,932 [INFO] DbMcusAds:119 - Set database path to: C:\Users\hi\.stmcufinder\plugins\mcufinder//mcu/
2025-09-18 19:04:41,932 [INFO] DbMcusDocs:110 - Set database path to: C:\Users\hi\.stmcufinder\plugins\mcufinder//mcu/
2025-09-18 19:04:41,932 [INFO] DbMcusJson:64 - Set database path to: C:\Users\hi\.stmcufinder\plugins\mcufinder//mcu/
2025-09-18 19:04:41,932 [INFO] DbBoardsDocs:110 - Set database path to: C:\Users\hi\.stmcufinder\plugins\mcufinder//mcu/
2025-09-18 19:04:41,932 [INFO] DbBoardsJson:57 - Set database path to: C:\Users\hi\.stmcufinder\plugins\mcufinder//mcu/
2025-09-18 19:04:41,947 [INFO] CrossReferenceDbSqlite:196 - Set database path to: C:\Users\hi\.stmcufinder\plugins\mcufinder//mcu/cs/
2025-09-18 19:04:41,947 [INFO] DbExamplesSqlite:767 - Set database path to: C:\Users\hi\.stmcufinder\plugins\mcufinder//mcu/
2025-09-18 19:04:42,119 [INFO] RulesReader:57 - Compatibility file has been processed (242 Rules)
2025-09-18 19:04:42,244 [INFO] DbMcusXml:74 - Set database path to: C:\ST\STM32CubeIDE_1.7.0\STM32CubeIDE\plugins\com.st.stm32cube.common.mx_6.3.0.202107141111\\db\/mcu/
2025-09-18 19:04:42,244 [INFO] DbBoardsPdsc:56 - Set plugin database path to: C:\ST\STM32CubeIDE_1.7.0\STM32CubeIDE\plugins\com.st.stm32cube.common.mx_6.3.0.202107141111\\db\/plugins/boardmanager/
2025-09-18 19:04:42,244 [INFO] DbMcus:258 - Set plugin images path to: C:\ST\STM32CubeIDE_1.7.0\STM32CubeIDE\plugins\com.st.stm32cube.common.mx_6.3.0.202107141111\\db\/plugins/mcufinder/images/
2025-09-18 19:04:42,244 [INFO] DbBoards:264 - Set plugin images path to: C:\ST\STM32CubeIDE_1.7.0\STM32CubeIDE\plugins\com.st.stm32cube.common.mx_6.3.0.202107141111\\db\/plugins/mcufinder/images/
2025-09-18 19:04:42,244 [INFO] DbExamples:333 - Set plugin images path to: C:\ST\STM32CubeIDE_1.7.0\STM32CubeIDE\plugins\com.st.stm32cube.common.mx_6.3.0.202107141111\\db\/plugins/mcufinder/images/
2025-09-18 19:04:42,244 [WARN] DbFile:35 - Overriding database path with different value: C:\Users\hi\.stmcufinder\plugins\mcufinder/ => C:\Users\hi\.stmcufinder\plugins\mcufinder
2025-09-18 19:04:42,244 [INFO] DbMcusAds:119 - Set database path to: C:\Users\hi\.stmcufinder\plugins\mcufinder//mcu/
2025-09-18 19:04:42,244 [WARN] DbFile:35 - Overriding database path with different value: C:\Users\hi\.stmcufinder\plugins\mcufinder/ => C:\Users\hi\.stmcufinder\plugins\mcufinder
2025-09-18 19:04:42,244 [INFO] DbMcusDocs:110 - Set database path to: C:\Users\hi\.stmcufinder\plugins\mcufinder//mcu/
2025-09-18 19:04:42,244 [WARN] DbFile:35 - Overriding database path with different value: C:\Users\hi\.stmcufinder\plugins\mcufinder/ => C:\Users\hi\.stmcufinder\plugins\mcufinder
2025-09-18 19:04:42,244 [INFO] DbMcusJson:64 - Set database path to: C:\Users\hi\.stmcufinder\plugins\mcufinder//mcu/
2025-09-18 19:04:42,244 [WARN] DbFile:35 - Overriding database path with different value: C:\Users\hi\.stmcufinder\plugins\mcufinder/ => C:\Users\hi\.stmcufinder\plugins\mcufinder
2025-09-18 19:04:42,244 [INFO] DbBoardsDocs:110 - Set database path to: C:\Users\hi\.stmcufinder\plugins\mcufinder//mcu/
2025-09-18 19:04:42,244 [WARN] DbFile:35 - Overriding database path with different value: C:\Users\hi\.stmcufinder\plugins\mcufinder/ => C:\Users\hi\.stmcufinder\plugins\mcufinder
2025-09-18 19:04:42,244 [INFO] DbBoardsJson:57 - Set database path to: C:\Users\hi\.stmcufinder\plugins\mcufinder//mcu/
2025-09-18 19:04:42,244 [WARN] DbFile:35 - Overriding database path with different value: C:\Users\hi\.stmcufinder\plugins\mcufinder/ => C:\Users\hi\.stmcufinder\plugins\mcufinder
2025-09-18 19:04:42,244 [WARN] DbFile:35 - Overriding database path with different value: C:\Users\hi\.stmcufinder\plugins\mcufinder/ => C:\Users\hi\.stmcufinder\plugins\mcufinder
2025-09-18 19:04:42,244 [INFO] CrossReferenceDbSqlite:196 - Set database path to: C:\Users\hi\.stmcufinder\plugins\mcufinder//mcu/cs/
2025-09-18 19:04:42,244 [WARN] DbFile:35 - Overriding database path with different value: C:\Users\hi\.stmcufinder\plugins\mcufinder/ => C:\Users\hi\.stmcufinder\plugins\mcufinder
2025-09-18 19:04:42,244 [INFO] DbExamplesSqlite:767 - Set database path to: C:\Users\hi\.stmcufinder\plugins\mcufinder//mcu/
2025-09-18 19:04:42,338 [INFO] MainPanel:214 - HeapMemory: 558891008
2025-09-18 19:04:42,447 [INFO] DbMcusXml:74 - Set database path to: C:\ST\STM32CubeIDE_1.7.0\STM32CubeIDE\plugins\com.st.stm32cube.common.mx_6.3.0.202107141111\\db\/mcu/
2025-09-18 19:04:42,447 [INFO] DbBoardsPdsc:56 - Set plugin database path to: C:\ST\STM32CubeIDE_1.7.0\STM32CubeIDE\plugins\com.st.stm32cube.common.mx_6.3.0.202107141111\\db\/plugins/boardmanager/
2025-09-18 19:04:42,447 [INFO] DbMcus:258 - Set plugin images path to: C:\ST\STM32CubeIDE_1.7.0\STM32CubeIDE\plugins\com.st.stm32cube.common.mx_6.3.0.202107141111\\db\/plugins/mcufinder/images/
2025-09-18 19:04:42,447 [INFO] DbBoards:264 - Set plugin images path to: C:\ST\STM32CubeIDE_1.7.0\STM32CubeIDE\plugins\com.st.stm32cube.common.mx_6.3.0.202107141111\\db\/plugins/mcufinder/images/
2025-09-18 19:04:42,447 [INFO] DbExamples:333 - Set plugin images path to: C:\ST\STM32CubeIDE_1.7.0\STM32CubeIDE\plugins\com.st.stm32cube.common.mx_6.3.0.202107141111\\db\/plugins/mcufinder/images/
2025-09-18 19:04:42,447 [WARN] DbFile:35 - Overriding database path with different value: C:\Users\hi\.stmcufinder\plugins\mcufinder/ => C:\Users\hi\.stmcufinder\plugins\mcufinder
2025-09-18 19:04:42,447 [INFO] DbMcusAds:119 - Set database path to: C:\Users\hi\.stmcufinder\plugins\mcufinder//mcu/
2025-09-18 19:04:42,447 [WARN] DbFile:35 - Overriding database path with different value: C:\Users\hi\.stmcufinder\plugins\mcufinder/ => C:\Users\hi\.stmcufinder\plugins\mcufinder
2025-09-18 19:04:42,447 [INFO] DbMcusDocs:110 - Set database path to: C:\Users\hi\.stmcufinder\plugins\mcufinder//mcu/
2025-09-18 19:04:42,447 [WARN] DbFile:35 - Overriding database path with different value: C:\Users\hi\.stmcufinder\plugins\mcufinder/ => C:\Users\hi\.stmcufinder\plugins\mcufinder
2025-09-18 19:04:42,447 [INFO] DbMcusJson:64 - Set database path to: C:\Users\hi\.stmcufinder\plugins\mcufinder//mcu/
2025-09-18 19:04:42,447 [WARN] DbFile:35 - Overriding database path with different value: C:\Users\hi\.stmcufinder\plugins\mcufinder/ => C:\Users\hi\.stmcufinder\plugins\mcufinder
2025-09-18 19:04:42,447 [INFO] DbBoardsDocs:110 - Set database path to: C:\Users\hi\.stmcufinder\plugins\mcufinder//mcu/
2025-09-18 19:04:42,447 [WARN] DbFile:35 - Overriding database path with different value: C:\Users\hi\.stmcufinder\plugins\mcufinder/ => C:\Users\hi\.stmcufinder\plugins\mcufinder
2025-09-18 19:04:42,447 [INFO] DbBoardsJson:57 - Set database path to: C:\Users\hi\.stmcufinder\plugins\mcufinder//mcu/
2025-09-18 19:04:42,447 [WARN] DbFile:35 - Overriding database path with different value: C:\Users\hi\.stmcufinder\plugins\mcufinder/ => C:\Users\hi\.stmcufinder\plugins\mcufinder
2025-09-18 19:04:42,447 [WARN] DbFile:35 - Overriding database path with different value: C:\Users\hi\.stmcufinder\plugins\mcufinder/ => C:\Users\hi\.stmcufinder\plugins\mcufinder
2025-09-18 19:04:42,447 [INFO] CrossReferenceDbSqlite:196 - Set database path to: C:\Users\hi\.stmcufinder\plugins\mcufinder//mcu/cs/
2025-09-18 19:04:42,447 [WARN] DbFile:35 - Overriding database path with different value: C:\Users\hi\.stmcufinder\plugins\mcufinder/ => C:\Users\hi\.stmcufinder\plugins\mcufinder
2025-09-18 19:04:42,447 [INFO] DbExamplesSqlite:767 - Set database path to: C:\Users\hi\.stmcufinder\plugins\mcufinder//mcu/
2025-09-18 19:04:42,479 [INFO] ApplicationProperties:181 - Using Application install path: C:\ST\STM32CubeIDE_1.7.0\STM32CubeIDE\plugins\com.st.stm32cube.common.mx_6.3.0.202107141111
2025-09-18 19:04:42,479 [INFO] PluginManage:188 - Search for loadable plugins [exclusion list=, ]
2025-09-18 19:04:42,479 [INFO] PluginManage:302 - Check plugin analytics
2025-09-18 19:04:47,286 [INFO] AnalyticsPlugin:257 - Accepted Software Licenses: 
2025-09-18 19:04:47,286 [INFO] AnalyticsPlugin:259 - Accepted CMSIS Pack Licenses: 
2025-09-18 19:04:47,286 [INFO] AnalyticsPlugin:261 - Accepted Firmware Licenses: 
2025-09-18 19:04:47,286 [INFO] PluginManage:352 - Loaded plugin analytics (category:tool,tabindex:-1)
2025-09-18 19:04:47,286 [INFO] PluginManage:302 - Check plugin clock
2025-09-18 19:04:47,317 [INFO] PluginManage:352 - Loaded plugin clock (category:base,tabindex:2)
2025-09-18 19:04:47,317 [INFO] PluginManage:302 - Check plugin ddr
2025-09-18 19:04:47,317 [INFO] PluginManage:352 - Loaded plugin ddr (category:tool,tabindex:6)
2025-09-18 19:04:47,317 [INFO] PluginManage:302 - Check plugin filemanager
2025-09-18 19:04:47,489 [INFO] PluginManage:352 - Loaded plugin filemanager (category:base,tabindex:10)
2025-09-18 19:04:47,489 [INFO] PluginManage:302 - Check plugin ipmanager
2025-09-18 19:04:47,505 [INFO] PluginManage:352 - Loaded plugin ipmanager (category:base,tabindex:5)
2025-09-18 19:04:47,505 [INFO] PluginManage:302 - Check plugin pinoutandconfiguration
2025-09-18 19:04:47,536 [INFO] PluginManage:352 - Loaded plugin pinoutandconfiguration (category:base,tabindex:1)
2025-09-18 19:04:47,536 [INFO] PluginManage:302 - Check plugin pinoutconfig
2025-09-18 19:04:47,583 [INFO] PluginManage:352 - Loaded plugin pinoutconfig (category:base,tabindex:0)
2025-09-18 19:04:47,583 [INFO] PluginManage:302 - Check plugin power
2025-09-18 19:04:47,614 [INFO] PluginManage:352 - Loaded plugin power (category:power,tabindex:4)
2025-09-18 19:04:47,614 [INFO] PluginManage:302 - Check plugin projectmanager
2025-09-18 19:04:47,646 [INFO] PluginManage:352 - Loaded plugin projectmanager (category:projectmanager,tabindex:3)
2025-09-18 19:04:47,646 [INFO] PluginManage:302 - Check plugin thirdparty
2025-09-18 19:04:48,020 [WARN] IntegrityCheckThread:78 - waiting for thirdparty lock release [integrity check]
2025-09-18 19:04:48,020 [INFO] IntegrityCheckThread:80 - entering critical section [integrity check]
2025-09-18 19:04:48,036 [INFO] PluginManage:352 - Loaded plugin thirdparty (category:base,tabindex:-1)
2025-09-18 19:04:48,036 [INFO] ThirdPartyUpdaterWithRetryManager:66 - Updater plugin not ready yet. [1/15]
2025-09-18 19:04:48,036 [INFO] PluginManage:302 - Check plugin tools
2025-09-18 19:04:48,145 [INFO] PluginManage:352 - Loaded plugin tools (category:base,tabindex:7)
2025-09-18 19:04:48,145 [INFO] PluginManage:302 - Check plugin tutovideos
2025-09-18 19:04:48,458 [INFO] PluginManage:352 - Loaded plugin tutovideos (category:base,tabindex:-1)
2025-09-18 19:04:48,458 [INFO] PluginManage:302 - Check plugin updater
2025-09-18 19:04:48,473 [INFO] PluginManage:352 - Loaded plugin updater (category:base,tabindex:12)
2025-09-18 19:04:48,473 [INFO] PluginManage:275 - PluginManage : Loaded plugins [13]
2025-09-18 19:04:48,739 [INFO] PinOutPanel:1463 - setPackage(No Configuration,No Configuration)
2025-09-18 19:04:48,880 [INFO] IPUIPlugin:74 - create IPUIPlugin
2025-09-18 19:04:48,880 [INFO] PluginManager:213 - loadIPPluginJar : add adc
2025-09-18 19:04:49,005 [INFO] IPUIPlugin:74 - create IPUIPlugin
2025-09-18 19:04:49,005 [INFO] PluginManager:213 - loadIPPluginJar : add aes
2025-09-18 19:04:49,130 [INFO] IPUIPlugin:74 - create IPUIPlugin
2025-09-18 19:04:49,130 [INFO] PluginManager:213 - loadIPPluginJar : add can
2025-09-18 19:04:49,239 [INFO] IPUIPlugin:74 - create IPUIPlugin
2025-09-18 19:04:49,239 [INFO] PluginManager:213 - loadIPPluginJar : add comp
2025-09-18 19:04:49,317 [INFO] IPUIPlugin:74 - create IPUIPlugin
2025-09-18 19:04:49,333 [INFO] PluginManager:213 - loadIPPluginJar : add cryp
2025-09-18 19:04:49,411 [INFO] IPUIPlugin:74 - create IPUIPlugin
2025-09-18 19:04:49,411 [INFO] PluginManager:213 - loadIPPluginJar : add dfsdm
2025-09-18 19:04:49,458 [INFO] IPUIPlugin:74 - create IPUIPlugin
2025-09-18 19:04:49,458 [INFO] PluginManager:213 - loadIPPluginJar : add dma
2025-09-18 19:04:49,583 [INFO] IPUIPlugin:74 - create IPUIPlugin
2025-09-18 19:04:49,583 [INFO] PluginManager:213 - loadIPPluginJar : add dma3
2025-09-18 19:04:49,692 [INFO] IPUIPlugin:74 - create IPUIPlugin
2025-09-18 19:04:49,692 [INFO] PluginManager:213 - loadIPPluginJar : add fatfs
2025-09-18 19:04:49,848 [INFO] IPUIPlugin:74 - create IPUIPlugin
2025-09-18 19:04:49,848 [INFO] PluginManager:213 - loadIPPluginJar : add fmc
2025-09-18 19:04:49,879 [INFO] IPUIPlugin:74 - create IPUIPlugin
2025-09-18 19:04:49,879 [INFO] PluginManager:213 - loadIPPluginJar : add freertos
2025-09-18 19:04:49,973 [INFO] IPUIPlugin:74 - create IPUIPlugin
2025-09-18 19:04:49,973 [INFO] PluginManager:213 - loadIPPluginJar : add genericplugin
2025-09-18 19:04:50,252 [INFO] IPUIPlugin:74 - create IPUIPlugin
2025-09-18 19:04:50,252 [INFO] PluginManager:213 - loadIPPluginJar : add gfxmmu
2025-09-18 19:04:50,595 [INFO] IPUIPlugin:74 - create IPUIPlugin
2025-09-18 19:04:50,595 [INFO] PluginManager:213 - loadIPPluginJar : add gic
2025-09-18 19:04:50,627 [INFO] IPUIPlugin:74 - create IPUIPlugin
2025-09-18 19:04:50,627 [INFO] PluginManager:213 - loadIPPluginJar : add gpio
2025-09-18 19:04:50,799 [INFO] IPUIPlugin:74 - create IPUIPlugin
2025-09-18 19:04:50,799 [INFO] PluginManager:213 - loadIPPluginJar : add gtzc
2025-09-18 19:04:50,908 [INFO] IPUIPlugin:74 - create IPUIPlugin
2025-09-18 19:04:50,908 [INFO] PluginManager:213 - loadIPPluginJar : add hash
2025-09-18 19:04:51,048 [INFO] ThirdPartyUpdaterWithRetryManager:66 - Updater plugin not ready yet. [2/15]
2025-09-18 19:04:51,048 [INFO] IPUIPlugin:74 - create IPUIPlugin
2025-09-18 19:04:51,048 [INFO] PluginManager:213 - loadIPPluginJar : add i2c
2025-09-18 19:04:51,173 [INFO] IPUIPlugin:74 - create IPUIPlugin
2025-09-18 19:04:51,173 [INFO] PluginManager:213 - loadIPPluginJar : add i2s
2025-09-18 19:04:51,189 [INFO] IPUIPlugin:74 - create IPUIPlugin
2025-09-18 19:04:51,189 [INFO] PluginManager:213 - loadIPPluginJar : add ipddr
2025-09-18 19:04:51,455 [INFO] IPUIPlugin:74 - create IPUIPlugin
2025-09-18 19:04:51,455 [INFO] PluginManager:213 - loadIPPluginJar : add linkedlist
2025-09-18 19:04:51,564 [INFO] IPUIPlugin:74 - create IPUIPlugin
2025-09-18 19:04:51,580 [INFO] PluginManager:213 - loadIPPluginJar : add lorawan
2025-09-18 19:04:51,673 [INFO] IPUIPlugin:74 - create IPUIPlugin
2025-09-18 19:04:51,673 [INFO] PluginManager:213 - loadIPPluginJar : add ltdc
2025-09-18 19:04:51,705 [INFO] IPUIPlugin:74 - create IPUIPlugin
2025-09-18 19:04:51,705 [INFO] PluginManager:213 - loadIPPluginJar : add mdma
2025-09-18 19:04:51,736 [INFO] IPUIPlugin:74 - create IPUIPlugin
2025-09-18 19:04:51,736 [INFO] PluginManager:213 - loadIPPluginJar : add nvic
2025-09-18 19:04:51,845 [INFO] IPUIPlugin:74 - create IPUIPlugin
2025-09-18 19:04:51,845 [INFO] PluginManager:213 - loadIPPluginJar : add opamp
2025-09-18 19:04:52,017 [INFO] IPUIPlugin:74 - create IPUIPlugin
2025-09-18 19:04:52,017 [INFO] PluginManager:213 - loadIPPluginJar : add openamp
2025-09-18 19:04:52,126 [INFO] IPUIPlugin:74 - create IPUIPlugin
2025-09-18 19:04:52,126 [INFO] PluginManager:213 - loadIPPluginJar : add pdm2pcm
2025-09-18 19:04:52,158 [INFO] IPUIPlugin:74 - create IPUIPlugin
2025-09-18 19:04:52,158 [INFO] PluginManager:213 - loadIPPluginJar : add plateformsettings
2025-09-18 19:04:52,220 [INFO] IPUIPlugin:74 - create IPUIPlugin
2025-09-18 19:04:52,220 [INFO] PluginManager:213 - loadIPPluginJar : add quadspi
2025-09-18 19:04:52,251 [INFO] IPUIPlugin:74 - create IPUIPlugin
2025-09-18 19:04:52,251 [INFO] PluginManager:213 - loadIPPluginJar : add resmgrutility
2025-09-18 19:04:52,361 [INFO] IPUIPlugin:74 - create IPUIPlugin
2025-09-18 19:04:52,361 [INFO] PluginManager:213 - loadIPPluginJar : add sai
2025-09-18 19:04:52,454 [INFO] IPUIPlugin:74 - create IPUIPlugin
2025-09-18 19:04:52,454 [INFO] PluginManager:213 - loadIPPluginJar : add spi
2025-09-18 19:04:52,564 [INFO] IPUIPlugin:74 - create IPUIPlugin
2025-09-18 19:04:52,564 [INFO] PluginManager:213 - loadIPPluginJar : add stm32_wpan
2025-09-18 19:04:52,626 [INFO] IPUIPlugin:74 - create IPUIPlugin
2025-09-18 19:04:52,642 [INFO] PluginManager:213 - loadIPPluginJar : add tim
2025-09-18 19:04:52,767 [INFO] IPUIPlugin:74 - create IPUIPlugin
2025-09-18 19:04:52,767 [INFO] PluginManager:213 - loadIPPluginJar : add touchsensing
2025-09-18 19:04:52,829 [INFO] IPUIPlugin:74 - create IPUIPlugin
2025-09-18 19:04:52,829 [INFO] PluginManager:213 - loadIPPluginJar : add tracer_emb
2025-09-18 19:04:52,892 [INFO] IPUIPlugin:74 - create IPUIPlugin
2025-09-18 19:04:52,892 [INFO] PluginManager:213 - loadIPPluginJar : add ts
2025-09-18 19:04:52,954 [INFO] IPUIPlugin:74 - create IPUIPlugin
2025-09-18 19:04:52,954 [INFO] PluginManager:213 - loadIPPluginJar : add tsc
2025-09-18 19:04:53,032 [INFO] IPUIPlugin:74 - create IPUIPlugin
2025-09-18 19:04:53,032 [INFO] PluginManager:213 - loadIPPluginJar : add ucpd
2025-09-18 19:04:53,126 [INFO] IPUIPlugin:74 - create IPUIPlugin
2025-09-18 19:04:53,126 [INFO] PluginManager:213 - loadIPPluginJar : add usart
2025-09-18 19:04:53,235 [INFO] IPUIPlugin:74 - create IPUIPlugin
2025-09-18 19:04:53,235 [INFO] PluginManager:213 - loadIPPluginJar : add usbx
2025-09-18 19:04:53,623 [FATAL] Updater:294 - Updater called before beeing initialized
2025-09-18 19:04:53,763 [FATAL] Updater:294 - Updater called before beeing initialized
2025-09-18 19:04:53,779 [INFO] DbMcusAds:47 - JSON generation date=Tue Jul 08 15:14:23 ICT 2025 (1751962463582)
2025-09-18 19:04:53,779 [FATAL] Updater:294 - Updater called before beeing initialized
2025-09-18 19:04:53,826 [WARN] DetailPanel:314 - Failed to get advertising image, set to default
2025-09-18 19:04:53,982 [FATAL] Updater:294 - Updater called before beeing initialized
2025-09-18 19:04:53,982 [FATAL] Updater:294 - Updater called before beeing initialized
2025-09-18 19:04:53,982 [FATAL] Updater:294 - Updater called before beeing initialized
2025-09-18 19:04:53,982 [WARN] DetailPanel:314 - Failed to get advertising image, set to default
2025-09-18 19:04:53,982 [FATAL] Updater:294 - Updater called before beeing initialized
2025-09-18 19:04:54,060 [INFO] ThirdPartyUpdaterWithRetryManager:66 - Updater plugin not ready yet. [3/15]
2025-09-18 19:04:54,076 [ERROR] Updater:1075 - MainUpdater not yet initialized. External WinMGr cannot be set.
2025-09-18 19:04:54,091 [INFO] Updater:1012 - Updater Version found : 6.3.0
2025-09-18 19:04:54,123 [INFO] ApplicationProperties:181 - Using Application install path: C:\ST\STM32CubeIDE_1.7.0\STM32CubeIDE\plugins\com.st.stm32cube.common.mx_6.3.0.202107141111
2025-09-18 19:04:54,888 [INFO] MainUpdater:2671 - connection check result : 10
2025-09-18 19:04:54,888 [INFO] MainUpdater:265 - Updater Check For Update Now.
2025-09-18 19:04:54,888 [INFO] MicroXplorer:478 - Change Database Version : DB.6.0.30
2025-09-18 19:04:55,156 [INFO] CheckServerUpdateThread:112 - End of CheckServer Thread
2025-09-18 19:04:55,265 [INFO] MainUpdater:2671 - connection check result : 10
2025-09-18 19:04:55,275 [INFO] MainUpdater:2671 - connection check result : 10
2025-09-18 19:04:55,619 [INFO] MicroXplorer:448 - Change Database Path : 
2025-09-18 19:04:55,619 [INFO] MicroXplorer:478 - Change Database Version : DB.6.0.30
2025-09-18 19:04:55,619 [WARN] ThirdParty:813 - waiting for thirdparty lock release [close project]
2025-09-18 19:04:57,337 [ERROR] Engine:463 - C:\Users\hi\.stm32cubemx\thirdparties\pdsc\STMicroelectronics.FP-SNS-MOTENVWB1.1.4.0.pdsc: PDSC version is not supported
2025-09-18 19:04:57,384 [WARN] PackLoader:238 - Cannot read IP mode file for STMicroelectronics.FP-ATR-ASTRA1.2.0.2
2025-09-18 19:04:57,400 [ERROR] Engine:463 - C:\Users\hi\.stm32cubemx\thirdparties\pdsc\STMicroelectronics.X-CUBE-SMBUS.2.1.0.pdsc: PDSC version is not supported
2025-09-18 19:04:57,415 [ERROR] Engine:463 - C:\Users\hi\.stm32cubemx\thirdparties\pdsc\STMicroelectronics.X-CUBE-ST60.1.0.0.pdsc: PDSC version is not supported
2025-09-18 19:04:57,509 [WARN] PackLoader:238 - Cannot read IP mode file for STMicroelectronics.X-CUBE-AZRTOS-F7.1.1.0
2025-09-18 19:04:57,540 [ERROR] Engine:463 - C:\Users\hi\.stm32cubemx\thirdparties\pdsc\WES.I-CUBE-Cesium.1.4.0.pdsc: PDSC version is not supported
2025-09-18 19:04:57,572 [ERROR] Engine:463 - C:\Users\hi\.stm32cubemx\thirdparties\pdsc\Infineon.AIROC-Wi-Fi-Bluetooth-STM32.1.7.1.pdsc: PDSC version is not supported
2025-09-18 19:04:57,634 [WARN] PackLoader:238 - Cannot read IP mode file for STMicroelectronics.X-CUBE-AZRTOS-H7.3.4.0
2025-09-18 19:04:57,665 [ERROR] Engine:463 - C:\Users\hi\.stm32cubemx\thirdparties\pdsc\STMicroelectronics.X-CUBE-DISPLAY.3.0.0.pdsc: PDSC version is not supported
2025-09-18 19:04:57,681 [WARN] PackLoader:238 - Cannot read IP mode file for STMicroelectronics.X-CUBE-NFC10.1.0.0
2025-09-18 19:04:57,712 [ERROR] Engine:463 - C:\Users\hi\.stm32cubemx\thirdparties\pdsc\emotas.I-CUBE-CANOPEN.1.3.0.pdsc: PDSC version is not supported
2025-09-18 19:04:57,728 [ERROR] Engine:463 - C:\Users\hi\.stm32cubemx\thirdparties\pdsc\STMicroelectronics.FP-SNS-STBOX1.2.1.0.pdsc: PDSC version is not supported
2025-09-18 19:04:57,743 [ERROR] Engine:463 - C:\Users\hi\.stm32cubemx\thirdparties\pdsc\STMicroelectronics.FP-SNS-SMARTAG2.1.2.0.pdsc: PDSC version is not supported
2025-09-18 19:04:57,759 [ERROR] Engine:463 - C:\Users\hi\.stm32cubemx\thirdparties\pdsc\STMicroelectronics.FP-SNS-FLIGHT1.5.1.0.pdsc: PDSC version is not supported
2025-09-18 19:04:57,790 [INFO] LogOutputStream:76 - [STDOUT_REDIRECT] 1 : Invalid condition id : UX_CORESTACK_Condition cause : null
2025-09-18 19:04:57,790 [INFO] LogOutputStream:76 - [STDOUT_REDIRECT] 1 : Invalid condition id : UX_CORESTACK_Condition cause : null
2025-09-18 19:04:57,790 [INFO] LogOutputStream:76 - [STDOUT_REDIRECT] 1 : Invalid condition id : UX_CORESTACK_Condition cause : null
2025-09-18 19:04:57,790 [INFO] LogOutputStream:76 - [STDOUT_REDIRECT] 1 : Invalid condition id : UX_CORESTACK_Condition cause : null
2025-09-18 19:04:57,790 [INFO] LogOutputStream:76 - [STDOUT_REDIRECT] 1 : Invalid condition id : UX_CORESTACK_Condition cause : null
2025-09-18 19:04:57,806 [WARN] PackLoader:238 - Cannot read IP mode file for STMicroelectronics.X-CUBE-AZRTOS-WL.2.0.0
2025-09-18 19:04:57,821 [ERROR] Engine:463 - C:\Users\hi\.stm32cubemx\thirdparties\pdsc\STMicroelectronics.FP-SNS-MOTENV1.5.0.0.pdsc: PDSC version is not supported
2025-09-18 19:04:57,837 [WARN] PackLoader:238 - Cannot read IP mode file for STMicroelectronics.X-CUBE-BLE2.3.3.0
2025-09-18 19:04:57,868 [WARN] PackLoader:238 - Cannot read IP mode file for STMicroelectronics.X-CUBE-NFC9.1.0.0
2025-09-18 19:04:57,884 [WARN] PackLoader:238 - Cannot read IP mode file for wolfSSL.I-CUBE-wolfSSL.5.8.2
2025-09-18 19:04:57,915 [WARN] PackLoader:238 - Cannot read IP mode file for STMicroelectronics.X-CUBE-BLE1.7.1.0
2025-09-18 19:04:57,931 [WARN] PackLoader:238 - Cannot read IP mode file for wolfSSL.I-CUBE-wolfMQTT.1.19.2
2025-09-18 19:04:57,946 [WARN] PackLoader:238 - Cannot read IP mode file for STMicroelectronics.X-CUBE-EEPRMA1.5.2.0
2025-09-18 19:04:58,009 [WARN] PackLoader:238 - Cannot read IP mode file for STMicroelectronics.X-CUBE-AZRTOS-G0.1.1.0
2025-09-18 19:04:58,025 [WARN] PackLoader:238 - Cannot read IP mode file for STMicroelectronics.X-CUBE-SAFEA1.1.2.2
2025-09-18 19:04:58,056 [WARN] PackLoader:238 - Cannot read IP mode file for STMicroelectronics.X-CUBE-NFC4.3.0.0
2025-09-18 19:04:58,071 [ERROR] Engine:463 - C:\Users\hi\.stm32cubemx\thirdparties\pdsc\EmbeddedOffice.I-CUBE-FS-RTOS.1.0.1.pdsc: PDSC version is not supported
2025-09-18 19:04:58,087 [WARN] PackLoader:238 - Cannot read IP mode file for STMicroelectronics.X-CUBE-WB05N.2.0.0
2025-09-18 19:04:58,103 [WARN] PackLoader:238 - Cannot read IP mode file for wolfSSL.I-CUBE-wolfTPM.3.8.0
2025-09-18 19:04:58,134 [ERROR] Engine:463 - C:\Users\hi\.stm32cubemx\thirdparties\pdsc\STMicroelectronics.X-CUBE-TCPP.4.2.0.pdsc: PDSC version is not supported
2025-09-18 19:04:58,134 [ERROR] Engine:463 - C:\Users\hi\.stm32cubemx\thirdparties\pdsc\RealThread.X-CUBE-RT-Thread_Nano.4.1.1.pdsc: PDSC version is not supported
2025-09-18 19:04:58,165 [WARN] PackLoader:238 - Cannot read IP mode file for STMicroelectronics.FP-ATR-SIGFOX1.3.2.0
2025-09-18 19:04:58,181 [ERROR] Engine:463 - C:\Users\hi\.stm32cubemx\thirdparties\pdsc\ITTIA_DB.I-CUBE-ITTIADB.8.9.0.pdsc: PDSC version is not supported
2025-09-18 19:04:58,196 [ERROR] Engine:463 - C:\Users\hi\.stm32cubemx\thirdparties\pdsc\STMicroelectronics.X-CUBE-ST67W61.1.0.0.pdsc: PDSC version is not supported
2025-09-18 19:04:58,228 [WARN] PackLoader:238 - Cannot read IP mode file for STMicroelectronics.X-CUBE-AI.10.2.0
2025-09-18 19:04:58,290 [WARN] PackLoader:238 - Cannot read IP mode file for SEGGER.I-CUBE-embOS.1.3.1
2025-09-18 19:04:58,399 [WARN] PackLoader:238 - Cannot read IP mode file for STMicroelectronics.X-CUBE-ALGOBUILD.1.4.0
2025-09-18 19:04:58,540 [WARN] PackLoader:238 - Cannot read IP mode file for STMicroelectronics.X-CUBE-MEMS1.11.3.0
2025-09-18 19:04:58,879 [WARN] PackLoader:238 - Cannot read IP mode file for STMicroelectronics.X-CUBE-PM33A1.1.0.0
2025-09-18 19:04:58,926 [WARN] PackLoader:238 - Cannot read IP mode file for STMicroelectronics.X-CUBE-AZRTOS-F4.1.1.0
2025-09-18 19:04:58,942 [ERROR] Engine:463 - C:\Users\hi\.stm32cubemx\thirdparties\pdsc\Avnet-IotConnect.X-CUBE-IoTC-DA16k-PMOD.1.0.0.pdsc: PDSC version is not supported
2025-09-18 19:04:58,957 [WARN] PackLoader:238 - Cannot read IP mode file for STMicroelectronics.X-CUBE-ISPU.2.1.0
2025-09-18 19:04:58,973 [WARN] PackLoader:238 - Cannot read IP mode file for STMicroelectronics.X-CUBE-NFC12.1.0.0
2025-09-18 19:04:59,035 [WARN] PackLoader:238 - Cannot read IP mode file for STMicroelectronics.X-CUBE-AZRTOS-L5.2.0.0
2025-09-18 19:04:59,067 [WARN] PackLoader:238 - Cannot read IP mode file for STMicroelectronics.X-CUBE-NFC6.3.1.0
2025-09-18 19:04:59,082 [ERROR] Engine:463 - C:\Users\hi\.stm32cubemx\thirdparties\pdsc\STMicroelectronics.X-CUBE-FREERTOS.1.3.1.pdsc: PDSC version is not supported
2025-09-18 19:04:59,098 [ERROR] Engine:463 - C:\Users\hi\.stm32cubemx\thirdparties\pdsc\STMicroelectronics.FP-SNS-STAIOTCFT.1.0.0.pdsc: PDSC version is not supported
2025-09-18 19:04:59,129 [ERROR] Engine:463 - C:\Users\hi\.stm32cubemx\thirdparties\pdsc\STMicroelectronics.X-CUBE-DPower.1.3.0.pdsc: PDSC version is not supported
2025-09-18 19:04:59,176 [WARN] ConditionMgr:437 - getConditionDescription Invalid condition id : LAN8742 Phy interface Condition cause : null
2025-09-18 19:04:59,176 [WARN] PackLoader:238 - Cannot read IP mode file for STMicroelectronics.X-CUBE-AZRTOS-L4.2.0.0
2025-09-18 19:04:59,176 [WARN] ConditionMgr:1038 - genDependencies : Invalid condition id : LAN8742 Phy interface Condition cause : null
2025-09-18 19:04:59,176 [WARN] ConditionMgr:1038 - genDependencies : Invalid condition id : LAN8742 Phy interface Condition cause : null
2025-09-18 19:04:59,176 [WARN] ConditionMgr:1038 - genDependencies : Invalid condition id : LAN8742 Phy interface Condition cause : null
2025-09-18 19:04:59,207 [WARN] PackLoader:238 - Cannot read IP mode file for STMicroelectronics.X-CUBE-SFXS2LP1.4.0.0
2025-09-18 19:04:59,223 [ERROR] Engine:463 - C:\Users\hi\.stm32cubemx\thirdparties\pdsc\STMicroelectronics.X-CUBE-BLEMGR.4.1.0.pdsc: PDSC version is not supported
2025-09-18 19:04:59,270 [WARN] ConditionMgr:437 - getConditionDescription Invalid condition id : UX DEVICE CLASS RTOS Condition cause : null
2025-09-18 19:04:59,270 [WARN] ConditionMgr:437 - getConditionDescription Invalid condition id : UX DEVICE CLASS RTOS Condition cause : null
2025-09-18 19:04:59,270 [WARN] PackLoader:238 - Cannot read IP mode file for STMicroelectronics.X-CUBE-AZRTOS-WB.2.0.0
2025-09-18 19:04:59,285 [WARN] ConditionMgr:1038 - genDependencies : Invalid condition id : UX DEVICE CLASS RTOS Condition cause : null
2025-09-18 19:04:59,285 [WARN] ConditionMgr:1038 - genDependencies : Invalid condition id : UX DEVICE CLASS RTOS Condition cause : null
2025-09-18 19:04:59,285 [WARN] ConditionMgr:1038 - genDependencies : Invalid condition id : UX DEVICE CLASS RTOS Condition cause : null
2025-09-18 19:04:59,285 [WARN] ConditionMgr:1038 - genDependencies : Invalid condition id : UX DEVICE CLASS RTOS Condition cause : null
2025-09-18 19:04:59,285 [WARN] ConditionMgr:1038 - genDependencies : Invalid condition id : UX DEVICE CLASS RTOS Condition cause : null
2025-09-18 19:04:59,301 [WARN] PackLoader:238 - Cannot read IP mode file for STMicroelectronics.X-CUBE-GNSS1.7.0.1
2025-09-18 19:04:59,317 [WARN] PackLoader:238 - Cannot read IP mode file for STMicroelectronics.X-CUBE-TOUCHGFX.4.25.0
2025-09-18 19:04:59,332 [ERROR] Engine:463 - C:\Users\hi\.stm32cubemx\thirdparties\pdsc\quantropi.X-CUBE-qispace-sdk-base.2.1.0.pdsc: PDSC version is not supported
2025-09-18 19:04:59,363 [WARN] PackLoader:238 - Cannot read IP mode file for STMicroelectronics.X-CUBE-SUBG2.5.0.0
2025-09-18 19:04:59,426 [WARN] PackLoader:238 - Cannot read IP mode file for STMicroelectronics.X-CUBE-AZRTOS-H7RS.1.1.0
2025-09-18 19:04:59,442 [ERROR] Engine:463 - C:\Users\hi\.stm32cubemx\thirdparties\pdsc\Cesanta.I-CUBE-Mongoose.7.13.0.pdsc: PDSC version is not supported
2025-09-18 19:04:59,473 [WARN] PackLoader:238 - Cannot read IP mode file for STMicroelectronics.X-CUBE-AZRTOS-G4.2.0.0
2025-09-18 19:04:59,488 [WARN] PackLoader:238 - Cannot read IP mode file for wolfSSL.I-CUBE-wolfSSH.1.4.20
2025-09-18 19:04:59,504 [WARN] PackLoader:238 - Cannot read IP mode file for STMicroelectronics.X-CUBE-NFC7.2.0.0
2025-09-18 19:04:59,520 [ERROR] Engine:463 - C:\Users\hi\.stm32cubemx\thirdparties\pdsc\STMicroelectronics.X-CUBE-IPS.3.1.0.pdsc: PDSC version is not supported
2025-09-18 19:04:59,535 [ERROR] Engine:463 - C:\Users\hi\.stm32cubemx\thirdparties\pdsc\STMicroelectronics.X-CUBE-ALS.1.0.2.pdsc: PDSC version is not supported
2025-09-18 19:04:59,567 [WARN] PackLoader:238 - Cannot read IP mode file for STMicroelectronics.X-CUBE-STSE01.1.0.0
2025-09-18 19:04:59,582 [WARN] PackLoader:238 - Cannot read IP mode file for portGmbH.I-Cube-SoM-uGOAL.1.1.0
2025-09-18 19:04:59,598 [ERROR] Engine:463 - C:\Users\hi\.stm32cubemx\thirdparties\pdsc\STMicroelectronics.X-CUBE-TOF1.3.4.3.pdsc: PDSC version is not supported
2025-09-18 19:04:59,598 [INFO] ThirdParty:915 - Integrity check success = true
2025-09-18 19:04:59,598 [INFO] IntegrityCheckThread:94 - exiting critical section [integrity check]
2025-09-18 19:04:59,598 [INFO] IntegrityCheckThread:97 - End integrity checks thread
2025-09-18 19:04:59,613 [INFO] ThirdParty:815 - entering critical section [close project]
2025-09-18 19:04:59,613 [INFO] ThirdParty:825 - exiting critical section [close project]
2025-09-18 19:04:59,613 [INFO] PinOutPanel:1463 - setPackage(No Configuration,No Configuration)
2025-09-18 19:04:59,629 [INFO] UtilMem:74 - Begin LoadConfig() Used Memory: 648042936 Bytes (698351616)
2025-09-18 19:04:59,629 [INFO] MicroXplorer:448 - Change Database Path : 
2025-09-18 19:04:59,629 [INFO] MicroXplorer:478 - Change Database Version : DB.6.0.30
2025-09-18 19:04:59,629 [INFO] OpenFileManager:313 - Change cursor
2025-09-18 19:05:00,913 [INFO] Context:592 - Trying to add GPIOservice into a context  which must be forbidden
2025-09-18 19:05:01,287 [WARN] ApiManager:304 - Cannot register API 'Board Extension:PM33A1' from pack STMicroelectronics.X-CUBE-PM33A1.1.0.0: no header file found
2025-09-18 19:05:01,303 [WARN] ApiManager:304 - Cannot register API 'Board Extension:NFC09A1' from pack STMicroelectronics.X-CUBE-NFC9.1.0.0: no header file found
2025-09-18 19:05:01,303 [WARN] ApiManager:304 - Cannot register API 'Wireless:BlueNRG-MS' from pack STMicroelectronics.X-CUBE-BLE1.7.1.0: no header file found
2025-09-18 19:05:01,303 [WARN] ApiManager:304 - Cannot register API 'Board Extension:EEPRMA2' from pack STMicroelectronics.X-CUBE-EEPRMA1.5.2.0: no header file found
2025-09-18 19:05:01,303 [WARN] ApiManager:304 - Cannot register API 'Board Extension:PGEEZ1' from pack STMicroelectronics.X-CUBE-EEPRMA1.5.2.0: no header file found
2025-09-18 19:05:01,303 [WARN] ApiManager:304 - Cannot register API 'Board Extension:EEICA1' from pack STMicroelectronics.X-CUBE-EEPRMA1.5.2.0: no header file found
2025-09-18 19:05:01,303 [WARN] ApiManager:304 - Cannot register API 'Board Part:M24' from pack STMicroelectronics.X-CUBE-EEPRMA1.5.2.0: no header file found
2025-09-18 19:05:01,303 [WARN] ApiManager:304 - Cannot register API 'Board Part:M95' from pack STMicroelectronics.X-CUBE-EEPRMA1.5.2.0: no header file found
2025-09-18 19:05:01,303 [WARN] ApiManager:304 - Cannot register API 'Board Part:M95P32' from pack STMicroelectronics.X-CUBE-EEPRMA1.5.2.0: no header file found
2025-09-18 19:05:01,303 [WARN] ApiManager:304 - Cannot register API 'Board Part:M24256E-F' from pack STMicroelectronics.X-CUBE-EEPRMA1.5.2.0: no header file found
2025-09-18 19:05:01,303 [WARN] ApiManager:304 - Cannot register API 'Board Part:M24M01E-F' from pack STMicroelectronics.X-CUBE-EEPRMA1.5.2.0: no header file found
2025-09-18 19:05:01,303 [WARN] ApiManager:304 - Cannot register API 'PGEEZ1:SPI' from pack STMicroelectronics.X-CUBE-EEPRMA1.5.2.0: no header file found
2025-09-18 19:05:01,303 [WARN] ApiManager:304 - Cannot register API 'PGEEZ1:QDSPI' from pack STMicroelectronics.X-CUBE-EEPRMA1.5.2.0: no header file found
2025-09-18 19:05:01,319 [WARN] ApiManager:304 - Cannot register API 'Board Extension:GNSS1A1' from pack STMicroelectronics.X-CUBE-GNSS1.7.0.1: no header file found
2025-09-18 19:05:01,319 [WARN] ApiManager:304 - Cannot register API 'Board Support:Custom' from pack STMicroelectronics.X-CUBE-GNSS1.7.0.1: no header file found
2025-09-18 19:05:01,319 [WARN] ApiManager:304 - Cannot register API 'Data Exchange:lib_gnss' from pack STMicroelectronics.X-CUBE-GNSS1.7.0.1: no header file found
2025-09-18 19:05:01,319 [WARN] ApiManager:304 - Cannot register API 'Board Extension:NFC12A1' from pack STMicroelectronics.X-CUBE-NFC12.1.0.0: no header file found
2025-09-18 19:05:01,334 [WARN] ApiManager:304 - Cannot register API 'Board Extension:NFC06A1' from pack STMicroelectronics.X-CUBE-NFC6.3.1.0: no header file found
2025-09-18 19:05:01,334 [WARN] ApiManager:304 - Cannot register API 'Board Extension:NFC08A1' from pack STMicroelectronics.X-CUBE-NFC6.3.1.0: no header file found
2025-09-18 19:05:01,334 [INFO] RtosManager:484 - Registered RTOS mode: class=CMSIS, group=RTOS, mode=CMSIS_V1, owner=FREERTOS
2025-09-18 19:05:01,334 [INFO] RtosManager:484 - Registered RTOS mode: class=CMSIS, group=RTOS2, mode=CMSIS_V2, owner=FREERTOS
2025-09-18 19:05:01,334 [INFO] RtosManager:484 - Registered RTOS mode: class=RTOS, group=Core, mode=CMSIS_V1, owner=FREERTOS
2025-09-18 19:05:01,334 [INFO] RtosManager:484 - Registered RTOS mode: class=RTOS, group=Core, mode=CMSIS_V2, owner=FREERTOS
2025-09-18 19:05:01,334 [WARN] ModelIntegratedComponent:181 - Missing modes for component STMicroelectronics:FreeRTOS:0.0.1:STMicroelectronics:RTOS:FreeRTOS:Core:::10.2.0:
2025-09-18 19:05:01,334 [WARN] ApiManager:304 - Cannot register API 'Board Extension:STSAFEA1' from pack STMicroelectronics.X-CUBE-SAFEA1.1.2.2: no header file found
2025-09-18 19:05:01,334 [WARN] ApiManager:304 - Cannot register API 'Board Part:STSAFEA110' from pack STMicroelectronics.X-CUBE-SAFEA1.1.2.2: no header file found
2025-09-18 19:05:01,334 [WARN] ApiManager:304 - Cannot register API 'Security:ST_Cryptolib' from pack STMicroelectronics.X-CUBE-SAFEA1.1.2.2: no header file found
2025-09-18 19:05:01,334 [WARN] ApiManager:304 - Cannot register API 'Security:MbedTLS' from pack STMicroelectronics.X-CUBE-SAFEA1.1.2.2: no header file found
2025-09-18 19:05:01,334 [WARN] ApiManager:304 - Cannot register API 'Board Extension:NFC04A1' from pack STMicroelectronics.X-CUBE-NFC4.3.0.0: no header file found
2025-09-18 19:05:01,350 [WARN] ApiManager:304 - Cannot register API 'Board Extension:S2868A1' from pack STMicroelectronics.X-CUBE-SUBG2.5.0.0: no header file found
2025-09-18 19:05:01,350 [WARN] ApiManager:304 - Cannot register API 'Board Extension:S2868A2' from pack STMicroelectronics.X-CUBE-SUBG2.5.0.0: no header file found
2025-09-18 19:05:01,350 [WARN] ApiManager:304 - Cannot register API 'Board Extension:S2915A1' from pack STMicroelectronics.X-CUBE-SUBG2.5.0.0: no header file found
2025-09-18 19:05:01,350 [WARN] ApiManager:304 - Cannot register API 'Wireless:STM32WB05N' from pack STMicroelectronics.X-CUBE-WB05N.2.0.0: no header file found
2025-09-18 19:05:01,350 [WARN] ApiManager:304 - Cannot register API 'Board Extension:NFC07A1' from pack STMicroelectronics.X-CUBE-NFC7.2.0.0: no header file found
2025-09-18 19:05:01,366 [WARN] ApiManager:304 - Cannot register API 'Board Extension:NFC10A1' from pack STMicroelectronics.X-CUBE-NFC10.1.0.0: no header file found
2025-09-18 19:05:01,366 [WARN] ModelIntegratedComponent:60 - No mode defined for component null
2025-09-18 19:05:01,366 [WARN] ModelIntegratedComponent:60 - No mode defined for component null
2025-09-18 19:05:01,366 [WARN] ModelIntegratedComponent:60 - No mode defined for component null
2025-09-18 19:05:01,366 [WARN] ModelIntegratedComponent:60 - No mode defined for component null
2025-09-18 19:05:01,366 [WARN] ModelIntegratedComponent:60 - No mode defined for component null
2025-09-18 19:05:01,366 [WARN] ModelIntegratedComponent:60 - No mode defined for component null
2025-09-18 19:05:01,366 [WARN] ModelIntegratedComponent:60 - No mode defined for component null
2025-09-18 19:05:01,366 [WARN] ModelIntegratedComponent:60 - No mode defined for component null
2025-09-18 19:05:01,366 [WARN] ModelIntegratedComponent:60 - No mode defined for component null
2025-09-18 19:05:01,366 [WARN] ModelIntegratedComponent:60 - No mode defined for component null
2025-09-18 19:05:01,366 [WARN] ModelIntegratedComponent:60 - No mode defined for component null
2025-09-18 19:05:01,366 [WARN] ModelIntegratedComponent:60 - No mode defined for component null
2025-09-18 19:05:01,366 [WARN] ModelIntegratedComponent:60 - No mode defined for component null
2025-09-18 19:05:01,366 [WARN] ModelIntegratedComponent:60 - No mode defined for component null
2025-09-18 19:05:01,366 [WARN] ModelIntegratedComponent:60 - No mode defined for component null
2025-09-18 19:05:01,366 [WARN] ModelIntegratedComponent:60 - No mode defined for component null
2025-09-18 19:05:01,366 [WARN] ModelIntegratedComponent:60 - No mode defined for component null
2025-09-18 19:05:01,366 [WARN] ModelIntegratedComponent:60 - No mode defined for component null
2025-09-18 19:05:01,366 [WARN] ModelIntegratedComponent:60 - No mode defined for component null
2025-09-18 19:05:01,366 [WARN] ModelIntegratedComponent:60 - No mode defined for component null
2025-09-18 19:05:01,366 [WARN] ModelIntegratedComponent:60 - No mode defined for component null
2025-09-18 19:05:01,366 [WARN] ModelIntegratedComponent:60 - No mode defined for component null
2025-09-18 19:05:01,366 [WARN] ModelIntegratedComponent:60 - No mode defined for component null
2025-09-18 19:05:01,366 [WARN] ModelIntegratedComponent:60 - No mode defined for component null
2025-09-18 19:05:01,366 [WARN] ModelIntegratedComponent:60 - No mode defined for component null
2025-09-18 19:05:01,366 [WARN] ModelIntegratedComponent:60 - No mode defined for component null
2025-09-18 19:05:01,366 [WARN] ModelIntegratedComponent:60 - No mode defined for component null
2025-09-18 19:05:01,366 [WARN] ModelIntegratedComponent:60 - No mode defined for component null
2025-09-18 19:05:01,366 [WARN] ModelIntegratedComponent:60 - No mode defined for component null
2025-09-18 19:05:01,366 [WARN] ModelIntegratedComponent:60 - No mode defined for component null
2025-09-18 19:05:01,366 [WARN] ModelIntegratedComponent:60 - No mode defined for component null
2025-09-18 19:05:01,366 [WARN] ApiManager:304 - Cannot register API 'Board Extension:SAFEA1' from pack STMicroelectronics.X-CUBE-STSE01.1.0.0: no header file found
2025-09-18 19:05:01,366 [WARN] ApiManager:304 - Cannot register API 'Board Extension:ESE01A1' from pack STMicroelectronics.X-CUBE-STSE01.1.0.0: no header file found
2025-09-18 19:05:01,366 [WARN] ApiManager:304 - Cannot register API 'Board Part:STSAFEA110' from pack STMicroelectronics.X-CUBE-STSE01.1.0.0: no header file found
2025-09-18 19:05:01,366 [WARN] ApiManager:304 - Cannot register API 'Board Part:STSAFEA120' from pack STMicroelectronics.X-CUBE-STSE01.1.0.0: no header file found
2025-09-18 19:05:01,366 [WARN] ApiManager:304 - Cannot register API 'Security:STM32_Cryptographic' from pack STMicroelectronics.X-CUBE-STSE01.1.0.0: no header file found
2025-09-18 19:05:01,366 [WARN] ApiManager:304 - Cannot register API 'Security:STSELib' from pack STMicroelectronics.X-CUBE-STSE01.1.0.0: no header file found
2025-09-18 19:05:01,740 [WARN] ApiManager:304 - Cannot register API 'Board Extension:IKS01A3' from pack STMicroelectronics.X-CUBE-MEMS1.11.3.0: no header file found
2025-09-18 19:05:01,740 [WARN] ApiManager:304 - Cannot register API 'Board Extension:IKS02A1' from pack STMicroelectronics.X-CUBE-MEMS1.11.3.0: no header file found
2025-09-18 19:05:01,740 [WARN] ApiManager:304 - Cannot register API 'Board Extension:IKS4A1' from pack STMicroelectronics.X-CUBE-MEMS1.11.3.0: no header file found
2025-09-18 19:05:01,740 [WARN] ApiManager:304 - Cannot register API 'Board Extension:S2868A1' from pack STMicroelectronics.X-CUBE-SFXS2LP1.4.0.0: no header file found
2025-09-18 19:05:01,740 [WARN] ApiManager:304 - Cannot register API 'Board Extension:S2868A2' from pack STMicroelectronics.X-CUBE-SFXS2LP1.4.0.0: no header file found
2025-09-18 19:05:01,740 [WARN] ApiManager:304 - Cannot register API 'Board Extension:S2915A1' from pack STMicroelectronics.X-CUBE-SFXS2LP1.4.0.0: no header file found
2025-09-18 19:05:01,740 [WARN] ApiManager:304 - Cannot register API 'Wireless:BlueNRG-2' from pack STMicroelectronics.X-CUBE-BLE2.3.3.0: no header file found
2025-09-18 19:05:05,724 [INFO] UtilMem:74 - End LoadConfig() Used Memory: 731879840 Bytes (866123776)
2025-09-18 19:05:05,724 [INFO] DbMcusXml:100 - Load MCU database from C:\ST\STM32CubeIDE_1.7.0\STM32CubeIDE\plugins\com.st.stm32cube.common.mx_6.3.0.202107141111\\db\/mcu/families.xml
2025-09-18 19:05:07,018 [INFO] DbMcusJson:93 - JSON generation date=Tue Nov 16 23:17:54 ICT 2021 (1637079474)
2025-09-18 19:05:08,138 [INFO] DbMcus:175 - Found 1951 MCUs (1903 are supported by CubeMX, 1914 are visible in CubeMX)
2025-09-18 19:05:08,158 [INFO] ApiDb:251 - Load user favorites file C:\Users\hi/.stm32cubeide/favorites.mcus.txt: 0 item(s)
2025-09-18 19:05:08,158 [INFO] ApiDb:255 - User favorites MCUs=[]
2025-09-18 19:05:08,158 [INFO] DbMcus:187 - Set 0 / 0 favorites MCUs
2025-09-18 19:05:08,158 [WARN] ThirdParty:779 - waiting for thirdparty lock release [change project]
2025-09-18 19:05:08,158 [INFO] ThirdParty:781 - entering critical section [change project]
2025-09-18 19:05:08,158 [INFO] ThirdParty:967 - CMSIS Pack Vendor :STMicroelectronics X-CUBE-PM33A1 1.0.0
2025-09-18 19:05:08,158 [INFO] ThirdParty:967 - CMSIS Pack Vendor :STMicroelectronics X-CUBE-NFC9 1.0.0
2025-09-18 19:05:08,158 [INFO] ThirdParty:967 - CMSIS Pack Vendor :STMicroelectronics USB_HOST 2.0.0
2025-09-18 19:05:08,158 [INFO] ThirdParty:967 - CMSIS Pack Vendor :STMicroelectronics X-CUBE-AZRTOS-F4 1.1.0
2025-09-18 19:05:08,158 [INFO] ThirdParty:967 - CMSIS Pack Vendor :STMicroelectronics FP-ATR-ASTRA1 2.0.2
2025-09-18 19:05:08,158 [INFO] ThirdParty:967 - CMSIS Pack Vendor :wolfSSL I-CUBE-wolfSSL 5.8.2
2025-09-18 19:05:08,158 [INFO] ThirdParty:967 - CMSIS Pack Vendor :STMicroelectronics X-CUBE-BLE1 7.1.0
2025-09-18 19:05:08,158 [INFO] ThirdParty:967 - CMSIS Pack Vendor :wolfSSL I-CUBE-wolfMQTT 1.19.2
2025-09-18 19:05:08,158 [INFO] ThirdParty:967 - CMSIS Pack Vendor :STMicroelectronics USB_DEVICE 3.0.0
2025-09-18 19:05:08,158 [INFO] ThirdParty:967 - CMSIS Pack Vendor :STMicroelectronics X-CUBE-ISPU 2.1.0
2025-09-18 19:05:08,158 [INFO] ThirdParty:967 - CMSIS Pack Vendor :STMicroelectronics X-CUBE-EEPRMA1 5.2.0
2025-09-18 19:05:08,158 [INFO] ThirdParty:967 - CMSIS Pack Vendor :STMicroelectronics X-CUBE-AZRTOS-WB 2.0.0
2025-09-18 19:05:08,158 [INFO] ThirdParty:967 - CMSIS Pack Vendor :STMicroelectronics X-CUBE-GNSS1 7.0.1
2025-09-18 19:05:08,158 [INFO] ThirdParty:967 - CMSIS Pack Vendor :STMicroelectronics X-CUBE-NFC12 1.0.0
2025-09-18 19:05:08,174 [INFO] ThirdParty:967 - CMSIS Pack Vendor :STMicroelectronics X-CUBE-AZRTOS-F7 1.1.0
2025-09-18 19:05:08,174 [INFO] ThirdParty:967 - CMSIS Pack Vendor :STMicroelectronics X-CUBE-AZRTOS-L5 2.0.0
2025-09-18 19:05:08,174 [INFO] ThirdParty:967 - CMSIS Pack Vendor :STMicroelectronics X-CUBE-TOUCHGFX 4.25.0
2025-09-18 19:05:08,174 [INFO] ThirdParty:967 - CMSIS Pack Vendor :STMicroelectronics USB_DEVICE 2.0.0
2025-09-18 19:05:08,174 [INFO] ThirdParty:967 - CMSIS Pack Vendor :STMicroelectronics X-CUBE-NFC6 3.1.0
2025-09-18 19:05:08,174 [INFO] ThirdParty:967 - CMSIS Pack Vendor :STMicroelectronics FreeRTOS 0.0.1
2025-09-18 19:05:08,174 [INFO] ThirdParty:967 - CMSIS Pack Vendor :STMicroelectronics X-CUBE-AZRTOS-G0 1.1.0
2025-09-18 19:05:08,174 [INFO] ThirdParty:967 - CMSIS Pack Vendor :STMicroelectronics X-CUBE-SAFEA1 1.2.2
2025-09-18 19:05:08,174 [INFO] ThirdParty:967 - CMSIS Pack Vendor :STMicroelectronics X-CUBE-NFC4 3.0.0
2025-09-18 19:05:08,174 [INFO] ThirdParty:967 - CMSIS Pack Vendor :STMicroelectronics X-CUBE-SUBG2 5.0.0
2025-09-18 19:05:08,174 [INFO] ThirdParty:967 - CMSIS Pack Vendor :STMicroelectronics X-CUBE-AZRTOS-H7RS 1.1.0
2025-09-18 19:05:08,174 [INFO] ThirdParty:967 - CMSIS Pack Vendor :STMicroelectronics lwIP 2.0.3
2025-09-18 19:05:08,174 [INFO] ThirdParty:967 - CMSIS Pack Vendor :STMicroelectronics USB_HOST 1.0.0
2025-09-18 19:05:08,174 [INFO] ThirdParty:967 - CMSIS Pack Vendor :STMicroelectronics X-CUBE-AZRTOS-G4 2.0.0
2025-09-18 19:05:08,174 [INFO] ThirdParty:967 - CMSIS Pack Vendor :STMicroelectronics X-CUBE-WB05N 2.0.0
2025-09-18 19:05:08,174 [INFO] ThirdParty:967 - CMSIS Pack Vendor :STMicroelectronics PDM2PCM 3.1.0
2025-09-18 19:05:08,174 [INFO] ThirdParty:967 - CMSIS Pack Vendor :STMicroelectronics PDM2PCM 3.3.0
2025-09-18 19:05:08,174 [INFO] ThirdParty:967 - CMSIS Pack Vendor :wolfSSL I-CUBE-wolfTPM 3.8.0
2025-09-18 19:05:08,174 [INFO] ThirdParty:967 - CMSIS Pack Vendor :STMicroelectronics X-CUBE-AZRTOS-H7 3.4.0
2025-09-18 19:05:08,174 [INFO] ThirdParty:967 - CMSIS Pack Vendor :wolfSSL I-CUBE-wolfSSH 1.4.20
2025-09-18 19:05:08,174 [INFO] ThirdParty:967 - CMSIS Pack Vendor :STMicroelectronics X-CUBE-NFC7 2.0.0
2025-09-18 19:05:08,174 [INFO] ThirdParty:967 - CMSIS Pack Vendor :STMicroelectronics FP-ATR-SIGFOX1 3.2.0
2025-09-18 19:05:08,174 [INFO] ThirdParty:967 - CMSIS Pack Vendor :STMicroelectronics X-CUBE-NFC10 1.0.0
2025-09-18 19:05:08,174 [INFO] ThirdParty:967 - CMSIS Pack Vendor :STMicroelectronics HAL Drivers 0.0.0
2025-09-18 19:05:08,174 [INFO] ThirdParty:967 - CMSIS Pack Vendor :STMicroelectronics MBEDTLS 2.16.2
2025-09-18 19:05:08,174 [INFO] ThirdParty:967 - CMSIS Pack Vendor :STMicroelectronics MBEDTLS 2.14.1
2025-09-18 19:05:08,174 [INFO] ThirdParty:967 - CMSIS Pack Vendor :STMicroelectronics X-CUBE-STSE01 1.0.0
2025-09-18 19:05:08,174 [INFO] ThirdParty:967 - CMSIS Pack Vendor :portGmbH I-Cube-SoM-uGOAL 1.1.0
2025-09-18 19:05:08,174 [INFO] ThirdParty:967 - CMSIS Pack Vendor :STMicroelectronics X-CUBE-AI 10.2.0
2025-09-18 19:05:08,174 [INFO] ThirdParty:967 - CMSIS Pack Vendor :STMicroelectronics X-CUBE-AZRTOS-WL 2.0.0
2025-09-18 19:05:08,174 [INFO] ThirdParty:967 - CMSIS Pack Vendor :SEGGER I-CUBE-embOS 1.3.1
2025-09-18 19:05:08,174 [INFO] ThirdParty:967 - CMSIS Pack Vendor :STMicroelectronics X-CUBE-ALGOBUILD 1.4.0
2025-09-18 19:05:08,174 [INFO] ThirdParty:967 - CMSIS Pack Vendor :STMicroelectronics X-CUBE-MEMS1 11.3.0
2025-09-18 19:05:08,174 [INFO] ThirdParty:967 - CMSIS Pack Vendor :STMicroelectronics USB_DEVICE 1.0.0
2025-09-18 19:05:08,174 [INFO] ThirdParty:967 - CMSIS Pack Vendor :STMicroelectronics X-CUBE-AZRTOS-L4 2.0.0
2025-09-18 19:05:08,174 [INFO] ThirdParty:967 - CMSIS Pack Vendor :STMicroelectronics ThreadX 0.0.2
2025-09-18 19:05:08,174 [INFO] ThirdParty:967 - CMSIS Pack Vendor :STMicroelectronics lwIP 2.1.2
2025-09-18 19:05:08,174 [INFO] ThirdParty:967 - CMSIS Pack Vendor :STMicroelectronics X-CUBE-SFXS2LP1 4.0.0
2025-09-18 19:05:08,174 [INFO] ThirdParty:967 - CMSIS Pack Vendor :STMicroelectronics X-CUBE-BLE2 3.3.0
2025-09-18 19:05:08,174 [INFO] ThirdParty:967 - CMSIS Pack Vendor :STMicroelectronics PDM2PCM 3.2.0
2025-09-18 19:05:08,174 [INFO] ThirdParty:787 - exiting critical section [change project]
2025-09-18 19:05:08,611 [INFO] PinOutPanel:1463 - setPackage(No Configuration,No Configuration)
2025-09-18 19:05:08,611 [INFO] PinOutPanel:1463 - setPackage(STM32F103C6Ux,UFQFPN48)
2025-09-18 19:05:09,158 [INFO] UtilMem:74 - Before build in PCC Used Memory: 870369728 Bytes (980418560)
2025-09-18 19:05:10,033 [INFO] UtilMem:74 - After build in PCC Used Memory: 868332688 Bytes (980418560)
2025-09-18 19:05:10,064 [INFO] IPUIPlugin:74 - create IPUIPlugin
2025-09-18 19:05:10,064 [INFO] IPUIPlugin:74 - create IPUIPlugin
2025-09-18 19:05:10,064 [INFO] IPUIPlugin:74 - create IPUIPlugin
2025-09-18 19:05:10,064 [INFO] IPUIPlugin:74 - create IPUIPlugin
2025-09-18 19:05:10,064 [INFO] IPUIPlugin:74 - create IPUIPlugin
2025-09-18 19:05:10,064 [INFO] IPUIPlugin:74 - create IPUIPlugin
2025-09-18 19:05:10,064 [INFO] IPUIPlugin:74 - create IPUIPlugin
2025-09-18 19:05:10,064 [INFO] IPUIPlugin:74 - create IPUIPlugin
2025-09-18 19:05:10,064 [INFO] IPUIPlugin:74 - create IPUIPlugin
2025-09-18 19:05:10,064 [INFO] IPUIPlugin:74 - create IPUIPlugin
2025-09-18 19:05:10,064 [INFO] IPUIPlugin:74 - create IPUIPlugin
2025-09-18 19:05:10,064 [INFO] IPUIPlugin:74 - create IPUIPlugin
2025-09-18 19:05:10,064 [INFO] IPUIPlugin:74 - create IPUIPlugin
2025-09-18 19:05:10,064 [INFO] IPUIPlugin:74 - create IPUIPlugin
2025-09-18 19:05:10,064 [INFO] IPUIPlugin:74 - create IPUIPlugin
2025-09-18 19:05:10,064 [INFO] IPUIPlugin:74 - create IPUIPlugin
2025-09-18 19:05:10,064 [INFO] IPUIPlugin:74 - create IPUIPlugin
2025-09-18 19:05:10,064 [INFO] IPUIPlugin:74 - create IPUIPlugin
2025-09-18 19:05:10,064 [INFO] IPUIPlugin:74 - create IPUIPlugin
2025-09-18 19:05:10,064 [INFO] IPUIPlugin:74 - create IPUIPlugin
2025-09-18 19:05:10,064 [INFO] IPUIPlugin:74 - create IPUIPlugin
2025-09-18 19:05:10,064 [INFO] IPUIPlugin:74 - create IPUIPlugin
2025-09-18 19:05:10,064 [INFO] IPUIPlugin:74 - create IPUIPlugin
2025-09-18 19:05:10,236 [INFO] OpenFileManager:333 - Restore cursor
2025-09-18 19:28:09,402 [INFO] Activator:177 - 


2025-09-18 19:28:09,405 [INFO] Activator:178 - !SESSION log4j initialized
2025-09-26 15:12:41,351 [INFO] Activator:177 - 


2025-09-26 15:12:41,355 [INFO] Activator:178 - !SESSION log4j initialized
2025-10-03 07:27:07,071 [INFO] Activator:177 - 


2025-10-03 07:27:07,072 [INFO] Activator:178 - !SESSION log4j initialized
2025-10-04 19:37:10,449 [INFO] Activator:177 - 


2025-10-04 19:37:10,449 [INFO] Activator:178 - !SESSION log4j initialized
