2025-09-10 18:52:20,708 [INFO] Activator:177 - 


2025-09-10 18:52:20,710 [INFO] Activator:178 - !SESSION log4j initialized
2025-09-10 18:55:20,052 [INFO] McuFinderGlobals:39 - Set McuFinder mode to 2 (CubeIDE integrated)
2025-09-10 18:55:20,771 [INFO] ApplicationProperties:181 - Using Application install path: C:\ST\STM32CubeIDE_1.7.0\STM32CubeIDE\plugins\com.st.stm32cube.common.mx_6.3.0.202107141111
2025-09-10 18:55:20,782 [INFO] DbMcusXml:74 - Set database path to: C:\ST\STM32CubeIDE_1.7.0\STM32CubeIDE\plugins\com.st.stm32cube.common.mx_6.3.0.202107141111\\db\/mcu/
2025-09-10 18:55:20,791 [INFO] DbBoardsPdsc:56 - Set plugin database path to: C:\ST\STM32CubeIDE_1.7.0\STM32CubeIDE\plugins\com.st.stm32cube.common.mx_6.3.0.202107141111\\db\/plugins/boardmanager/
2025-09-10 18:55:20,795 [INFO] DbMcus:258 - Set plugin images path to: C:\ST\STM32CubeIDE_1.7.0\STM32CubeIDE\plugins\com.st.stm32cube.common.mx_6.3.0.202107141111\\db\/plugins/mcufinder/images/
2025-09-10 18:55:20,795 [INFO] DbBoards:264 - Set plugin images path to: C:\ST\STM32CubeIDE_1.7.0\STM32CubeIDE\plugins\com.st.stm32cube.common.mx_6.3.0.202107141111\\db\/plugins/mcufinder/images/
2025-09-10 18:55:20,795 [INFO] DbExamples:333 - Set plugin images path to: C:\ST\STM32CubeIDE_1.7.0\STM32CubeIDE\plugins\com.st.stm32cube.common.mx_6.3.0.202107141111\\db\/plugins/mcufinder/images/
2025-09-10 18:55:20,822 [INFO] DbMcusAds:119 - Set database path to: C:\Users\hi\.stmcufinder\plugins\mcufinder//mcu/
2025-09-10 18:55:20,824 [INFO] DbMcusDocs:110 - Set database path to: C:\Users\hi\.stmcufinder\plugins\mcufinder//mcu/
2025-09-10 18:55:20,827 [INFO] DbMcusJson:64 - Set database path to: C:\Users\hi\.stmcufinder\plugins\mcufinder//mcu/
2025-09-10 18:55:20,828 [INFO] DbBoardsDocs:110 - Set database path to: C:\Users\hi\.stmcufinder\plugins\mcufinder//mcu/
2025-09-10 18:55:20,830 [INFO] DbBoardsJson:57 - Set database path to: C:\Users\hi\.stmcufinder\plugins\mcufinder//mcu/
2025-09-10 18:55:20,890 [INFO] CrossReferenceDbSqlite:196 - Set database path to: C:\Users\hi\.stmcufinder\plugins\mcufinder//mcu/cs/
2025-09-10 18:55:20,890 [INFO] DbExamplesSqlite:767 - Set database path to: C:\Users\hi\.stmcufinder\plugins\mcufinder//mcu/
2025-09-10 18:55:21,042 [INFO] RulesReader:57 - Compatibility file has been processed (242 Rules)
2025-09-10 18:55:21,171 [INFO] DbMcusXml:74 - Set database path to: C:\ST\STM32CubeIDE_1.7.0\STM32CubeIDE\plugins\com.st.stm32cube.common.mx_6.3.0.202107141111\\db\/mcu/
2025-09-10 18:55:21,172 [INFO] DbBoardsPdsc:56 - Set plugin database path to: C:\ST\STM32CubeIDE_1.7.0\STM32CubeIDE\plugins\com.st.stm32cube.common.mx_6.3.0.202107141111\\db\/plugins/boardmanager/
2025-09-10 18:55:21,172 [INFO] DbMcus:258 - Set plugin images path to: C:\ST\STM32CubeIDE_1.7.0\STM32CubeIDE\plugins\com.st.stm32cube.common.mx_6.3.0.202107141111\\db\/plugins/mcufinder/images/
2025-09-10 18:55:21,172 [INFO] DbBoards:264 - Set plugin images path to: C:\ST\STM32CubeIDE_1.7.0\STM32CubeIDE\plugins\com.st.stm32cube.common.mx_6.3.0.202107141111\\db\/plugins/mcufinder/images/
2025-09-10 18:55:21,172 [INFO] DbExamples:333 - Set plugin images path to: C:\ST\STM32CubeIDE_1.7.0\STM32CubeIDE\plugins\com.st.stm32cube.common.mx_6.3.0.202107141111\\db\/plugins/mcufinder/images/
2025-09-10 18:55:21,172 [WARN] DbFile:35 - Overriding database path with different value: C:\Users\hi\.stmcufinder\plugins\mcufinder/ => C:\Users\hi\.stmcufinder\plugins\mcufinder
2025-09-10 18:55:21,172 [INFO] DbMcusAds:119 - Set database path to: C:\Users\hi\.stmcufinder\plugins\mcufinder//mcu/
2025-09-10 18:55:21,172 [WARN] DbFile:35 - Overriding database path with different value: C:\Users\hi\.stmcufinder\plugins\mcufinder/ => C:\Users\hi\.stmcufinder\plugins\mcufinder
2025-09-10 18:55:21,172 [INFO] DbMcusDocs:110 - Set database path to: C:\Users\hi\.stmcufinder\plugins\mcufinder//mcu/
2025-09-10 18:55:21,172 [WARN] DbFile:35 - Overriding database path with different value: C:\Users\hi\.stmcufinder\plugins\mcufinder/ => C:\Users\hi\.stmcufinder\plugins\mcufinder
2025-09-10 18:55:21,172 [INFO] DbMcusJson:64 - Set database path to: C:\Users\hi\.stmcufinder\plugins\mcufinder//mcu/
2025-09-10 18:55:21,172 [WARN] DbFile:35 - Overriding database path with different value: C:\Users\hi\.stmcufinder\plugins\mcufinder/ => C:\Users\hi\.stmcufinder\plugins\mcufinder
2025-09-10 18:55:21,172 [INFO] DbBoardsDocs:110 - Set database path to: C:\Users\hi\.stmcufinder\plugins\mcufinder//mcu/
2025-09-10 18:55:21,172 [WARN] DbFile:35 - Overriding database path with different value: C:\Users\hi\.stmcufinder\plugins\mcufinder/ => C:\Users\hi\.stmcufinder\plugins\mcufinder
2025-09-10 18:55:21,172 [INFO] DbBoardsJson:57 - Set database path to: C:\Users\hi\.stmcufinder\plugins\mcufinder//mcu/
2025-09-10 18:55:21,172 [WARN] DbFile:35 - Overriding database path with different value: C:\Users\hi\.stmcufinder\plugins\mcufinder/ => C:\Users\hi\.stmcufinder\plugins\mcufinder
2025-09-10 18:55:21,172 [WARN] DbFile:35 - Overriding database path with different value: C:\Users\hi\.stmcufinder\plugins\mcufinder/ => C:\Users\hi\.stmcufinder\plugins\mcufinder
2025-09-10 18:55:21,172 [INFO] CrossReferenceDbSqlite:196 - Set database path to: C:\Users\hi\.stmcufinder\plugins\mcufinder//mcu/cs/
2025-09-10 18:55:21,172 [WARN] DbFile:35 - Overriding database path with different value: C:\Users\hi\.stmcufinder\plugins\mcufinder/ => C:\Users\hi\.stmcufinder\plugins\mcufinder
2025-09-10 18:55:21,172 [INFO] DbExamplesSqlite:767 - Set database path to: C:\Users\hi\.stmcufinder\plugins\mcufinder//mcu/
2025-09-10 18:55:21,261 [INFO] MainPanel:214 - HeapMemory: 909115392
2025-09-10 18:55:21,372 [INFO] DbMcusXml:74 - Set database path to: C:\ST\STM32CubeIDE_1.7.0\STM32CubeIDE\plugins\com.st.stm32cube.common.mx_6.3.0.202107141111\\db\/mcu/
2025-09-10 18:55:21,372 [INFO] DbBoardsPdsc:56 - Set plugin database path to: C:\ST\STM32CubeIDE_1.7.0\STM32CubeIDE\plugins\com.st.stm32cube.common.mx_6.3.0.202107141111\\db\/plugins/boardmanager/
2025-09-10 18:55:21,372 [INFO] DbMcus:258 - Set plugin images path to: C:\ST\STM32CubeIDE_1.7.0\STM32CubeIDE\plugins\com.st.stm32cube.common.mx_6.3.0.202107141111\\db\/plugins/mcufinder/images/
2025-09-10 18:55:21,372 [INFO] DbBoards:264 - Set plugin images path to: C:\ST\STM32CubeIDE_1.7.0\STM32CubeIDE\plugins\com.st.stm32cube.common.mx_6.3.0.202107141111\\db\/plugins/mcufinder/images/
2025-09-10 18:55:21,372 [INFO] DbExamples:333 - Set plugin images path to: C:\ST\STM32CubeIDE_1.7.0\STM32CubeIDE\plugins\com.st.stm32cube.common.mx_6.3.0.202107141111\\db\/plugins/mcufinder/images/
2025-09-10 18:55:21,372 [WARN] DbFile:35 - Overriding database path with different value: C:\Users\hi\.stmcufinder\plugins\mcufinder/ => C:\Users\hi\.stmcufinder\plugins\mcufinder
2025-09-10 18:55:21,372 [INFO] DbMcusAds:119 - Set database path to: C:\Users\hi\.stmcufinder\plugins\mcufinder//mcu/
2025-09-10 18:55:21,372 [WARN] DbFile:35 - Overriding database path with different value: C:\Users\hi\.stmcufinder\plugins\mcufinder/ => C:\Users\hi\.stmcufinder\plugins\mcufinder
2025-09-10 18:55:21,372 [INFO] DbMcusDocs:110 - Set database path to: C:\Users\hi\.stmcufinder\plugins\mcufinder//mcu/
2025-09-10 18:55:21,372 [WARN] DbFile:35 - Overriding database path with different value: C:\Users\hi\.stmcufinder\plugins\mcufinder/ => C:\Users\hi\.stmcufinder\plugins\mcufinder
2025-09-10 18:55:21,380 [INFO] DbMcusJson:64 - Set database path to: C:\Users\hi\.stmcufinder\plugins\mcufinder//mcu/
2025-09-10 18:55:21,380 [WARN] DbFile:35 - Overriding database path with different value: C:\Users\hi\.stmcufinder\plugins\mcufinder/ => C:\Users\hi\.stmcufinder\plugins\mcufinder
2025-09-10 18:55:21,380 [INFO] DbBoardsDocs:110 - Set database path to: C:\Users\hi\.stmcufinder\plugins\mcufinder//mcu/
2025-09-10 18:55:21,380 [WARN] DbFile:35 - Overriding database path with different value: C:\Users\hi\.stmcufinder\plugins\mcufinder/ => C:\Users\hi\.stmcufinder\plugins\mcufinder
2025-09-10 18:55:21,380 [INFO] DbBoardsJson:57 - Set database path to: C:\Users\hi\.stmcufinder\plugins\mcufinder//mcu/
2025-09-10 18:55:21,380 [WARN] DbFile:35 - Overriding database path with different value: C:\Users\hi\.stmcufinder\plugins\mcufinder/ => C:\Users\hi\.stmcufinder\plugins\mcufinder
2025-09-10 18:55:21,380 [WARN] DbFile:35 - Overriding database path with different value: C:\Users\hi\.stmcufinder\plugins\mcufinder/ => C:\Users\hi\.stmcufinder\plugins\mcufinder
2025-09-10 18:55:21,380 [INFO] CrossReferenceDbSqlite:196 - Set database path to: C:\Users\hi\.stmcufinder\plugins\mcufinder//mcu/cs/
2025-09-10 18:55:21,380 [WARN] DbFile:35 - Overriding database path with different value: C:\Users\hi\.stmcufinder\plugins\mcufinder/ => C:\Users\hi\.stmcufinder\plugins\mcufinder
2025-09-10 18:55:21,381 [INFO] DbExamplesSqlite:767 - Set database path to: C:\Users\hi\.stmcufinder\plugins\mcufinder//mcu/
2025-09-10 18:55:21,420 [INFO] ApplicationProperties:181 - Using Application install path: C:\ST\STM32CubeIDE_1.7.0\STM32CubeIDE\plugins\com.st.stm32cube.common.mx_6.3.0.202107141111
2025-09-10 18:55:21,420 [INFO] PluginManage:188 - Search for loadable plugins [exclusion list=, ]
2025-09-10 18:55:21,425 [INFO] PluginManage:302 - Check plugin analytics
2025-09-10 18:55:26,272 [INFO] AnalyticsPlugin:257 - Accepted Software Licenses: 
2025-09-10 18:55:26,272 [INFO] AnalyticsPlugin:259 - Accepted CMSIS Pack Licenses: 
2025-09-10 18:55:26,272 [INFO] AnalyticsPlugin:261 - Accepted Firmware Licenses: 
2025-09-10 18:55:26,275 [INFO] PluginManage:352 - Loaded plugin analytics (category:tool,tabindex:-1)
2025-09-10 18:55:26,275 [INFO] PluginManage:302 - Check plugin clock
2025-09-10 18:55:26,312 [INFO] PluginManage:352 - Loaded plugin clock (category:base,tabindex:2)
2025-09-10 18:55:26,312 [INFO] PluginManage:302 - Check plugin ddr
2025-09-10 18:55:26,312 [INFO] PluginManage:352 - Loaded plugin ddr (category:tool,tabindex:6)
2025-09-10 18:55:26,312 [INFO] PluginManage:302 - Check plugin filemanager
2025-09-10 18:55:26,492 [INFO] PluginManage:352 - Loaded plugin filemanager (category:base,tabindex:10)
2025-09-10 18:55:26,492 [INFO] PluginManage:302 - Check plugin ipmanager
2025-09-10 18:55:26,504 [INFO] PluginManage:352 - Loaded plugin ipmanager (category:base,tabindex:5)
2025-09-10 18:55:26,504 [INFO] PluginManage:302 - Check plugin pinoutandconfiguration
2025-09-10 18:55:26,532 [INFO] PluginManage:352 - Loaded plugin pinoutandconfiguration (category:base,tabindex:1)
2025-09-10 18:55:26,532 [INFO] PluginManage:302 - Check plugin pinoutconfig
2025-09-10 18:55:26,592 [INFO] PluginManage:352 - Loaded plugin pinoutconfig (category:base,tabindex:0)
2025-09-10 18:55:26,592 [INFO] PluginManage:302 - Check plugin power
2025-09-10 18:55:26,621 [INFO] PluginManage:352 - Loaded plugin power (category:power,tabindex:4)
2025-09-10 18:55:26,621 [INFO] PluginManage:302 - Check plugin projectmanager
2025-09-10 18:55:26,650 [INFO] PluginManage:352 - Loaded plugin projectmanager (category:projectmanager,tabindex:3)
2025-09-10 18:55:26,650 [INFO] PluginManage:302 - Check plugin thirdparty
2025-09-10 18:55:27,056 [WARN] IntegrityCheckThread:78 - waiting for thirdparty lock release [integrity check]
2025-09-10 18:55:27,056 [INFO] PluginManage:352 - Loaded plugin thirdparty (category:base,tabindex:-1)
2025-09-10 18:55:27,060 [INFO] IntegrityCheckThread:80 - entering critical section [integrity check]
2025-09-10 18:55:27,061 [INFO] PluginManage:302 - Check plugin tools
2025-09-10 18:55:27,061 [INFO] ThirdPartyUpdaterWithRetryManager:66 - Updater plugin not ready yet. [1/15]
2025-09-10 18:55:27,180 [INFO] PluginManage:352 - Loaded plugin tools (category:base,tabindex:7)
2025-09-10 18:55:27,181 [INFO] PluginManage:302 - Check plugin tutovideos
2025-09-10 18:55:27,530 [INFO] PluginManage:352 - Loaded plugin tutovideos (category:base,tabindex:-1)
2025-09-10 18:55:27,530 [INFO] PluginManage:302 - Check plugin updater
2025-09-10 18:55:27,550 [INFO] PluginManage:352 - Loaded plugin updater (category:base,tabindex:12)
2025-09-10 18:55:27,550 [INFO] PluginManage:275 - PluginManage : Loaded plugins [13]
2025-09-10 18:55:27,800 [INFO] PinOutPanel:1463 - setPackage(No Configuration,No Configuration)
2025-09-10 18:55:27,946 [INFO] IPUIPlugin:74 - create IPUIPlugin
2025-09-10 18:55:27,946 [INFO] PluginManager:213 - loadIPPluginJar : add adc
2025-09-10 18:55:28,040 [INFO] IPUIPlugin:74 - create IPUIPlugin
2025-09-10 18:55:28,040 [INFO] PluginManager:213 - loadIPPluginJar : add aes
2025-09-10 18:55:28,130 [INFO] IPUIPlugin:74 - create IPUIPlugin
2025-09-10 18:55:28,130 [INFO] PluginManager:213 - loadIPPluginJar : add can
2025-09-10 18:55:28,193 [INFO] IPUIPlugin:74 - create IPUIPlugin
2025-09-10 18:55:28,194 [INFO] PluginManager:213 - loadIPPluginJar : add comp
2025-09-10 18:55:28,255 [INFO] IPUIPlugin:74 - create IPUIPlugin
2025-09-10 18:55:28,260 [INFO] PluginManager:213 - loadIPPluginJar : add cryp
2025-09-10 18:55:28,330 [INFO] IPUIPlugin:74 - create IPUIPlugin
2025-09-10 18:55:28,330 [INFO] PluginManager:213 - loadIPPluginJar : add dfsdm
2025-09-10 18:55:28,350 [INFO] IPUIPlugin:74 - create IPUIPlugin
2025-09-10 18:55:28,350 [INFO] PluginManager:213 - loadIPPluginJar : add dma
2025-09-10 18:55:28,442 [INFO] IPUIPlugin:74 - create IPUIPlugin
2025-09-10 18:55:28,442 [INFO] PluginManager:213 - loadIPPluginJar : add dma3
2025-09-10 18:55:28,502 [INFO] IPUIPlugin:74 - create IPUIPlugin
2025-09-10 18:55:28,502 [INFO] PluginManager:213 - loadIPPluginJar : add fatfs
2025-09-10 18:55:28,601 [INFO] IPUIPlugin:74 - create IPUIPlugin
2025-09-10 18:55:28,602 [INFO] PluginManager:213 - loadIPPluginJar : add fmc
2025-09-10 18:55:28,622 [INFO] IPUIPlugin:74 - create IPUIPlugin
2025-09-10 18:55:28,622 [INFO] PluginManager:213 - loadIPPluginJar : add freertos
2025-09-10 18:55:28,682 [INFO] IPUIPlugin:74 - create IPUIPlugin
2025-09-10 18:55:28,682 [INFO] PluginManager:213 - loadIPPluginJar : add genericplugin
2025-09-10 18:55:28,861 [INFO] IPUIPlugin:74 - create IPUIPlugin
2025-09-10 18:55:28,861 [INFO] PluginManager:213 - loadIPPluginJar : add gfxmmu
2025-09-10 18:55:29,092 [INFO] IPUIPlugin:74 - create IPUIPlugin
2025-09-10 18:55:29,092 [INFO] PluginManager:213 - loadIPPluginJar : add gic
2025-09-10 18:55:29,112 [INFO] IPUIPlugin:74 - create IPUIPlugin
2025-09-10 18:55:29,112 [INFO] PluginManager:213 - loadIPPluginJar : add gpio
2025-09-10 18:55:29,252 [INFO] IPUIPlugin:74 - create IPUIPlugin
2025-09-10 18:55:29,252 [INFO] PluginManager:213 - loadIPPluginJar : add gtzc
2025-09-10 18:55:29,312 [INFO] IPUIPlugin:74 - create IPUIPlugin
2025-09-10 18:55:29,312 [INFO] PluginManager:213 - loadIPPluginJar : add hash
2025-09-10 18:55:29,422 [INFO] IPUIPlugin:74 - create IPUIPlugin
2025-09-10 18:55:29,422 [INFO] PluginManager:213 - loadIPPluginJar : add i2c
2025-09-10 18:55:29,511 [INFO] IPUIPlugin:74 - create IPUIPlugin
2025-09-10 18:55:29,511 [INFO] PluginManager:213 - loadIPPluginJar : add i2s
2025-09-10 18:55:29,530 [INFO] IPUIPlugin:74 - create IPUIPlugin
2025-09-10 18:55:29,530 [INFO] PluginManager:213 - loadIPPluginJar : add ipddr
2025-09-10 18:55:29,702 [INFO] IPUIPlugin:74 - create IPUIPlugin
2025-09-10 18:55:29,702 [INFO] PluginManager:213 - loadIPPluginJar : add linkedlist
2025-09-10 18:55:29,782 [INFO] IPUIPlugin:74 - create IPUIPlugin
2025-09-10 18:55:29,782 [INFO] PluginManager:213 - loadIPPluginJar : add lorawan
2025-09-10 18:55:29,862 [INFO] IPUIPlugin:74 - create IPUIPlugin
2025-09-10 18:55:29,862 [INFO] PluginManager:213 - loadIPPluginJar : add ltdc
2025-09-10 18:55:29,882 [INFO] IPUIPlugin:74 - create IPUIPlugin
2025-09-10 18:55:29,882 [INFO] PluginManager:213 - loadIPPluginJar : add mdma
2025-09-10 18:55:29,902 [INFO] IPUIPlugin:74 - create IPUIPlugin
2025-09-10 18:55:29,902 [INFO] PluginManager:213 - loadIPPluginJar : add nvic
2025-09-10 18:55:29,982 [INFO] IPUIPlugin:74 - create IPUIPlugin
2025-09-10 18:55:29,982 [INFO] PluginManager:213 - loadIPPluginJar : add opamp
2025-09-10 18:55:30,078 [INFO] ThirdPartyUpdaterWithRetryManager:66 - Updater plugin not ready yet. [2/15]
2025-09-10 18:55:30,112 [INFO] IPUIPlugin:74 - create IPUIPlugin
2025-09-10 18:55:30,112 [INFO] PluginManager:213 - loadIPPluginJar : add openamp
2025-09-10 18:55:30,201 [INFO] IPUIPlugin:74 - create IPUIPlugin
2025-09-10 18:55:30,201 [INFO] PluginManager:213 - loadIPPluginJar : add pdm2pcm
2025-09-10 18:55:30,230 [INFO] IPUIPlugin:74 - create IPUIPlugin
2025-09-10 18:55:30,232 [INFO] PluginManager:213 - loadIPPluginJar : add plateformsettings
2025-09-10 18:55:30,292 [INFO] IPUIPlugin:74 - create IPUIPlugin
2025-09-10 18:55:30,292 [INFO] PluginManager:213 - loadIPPluginJar : add quadspi
2025-09-10 18:55:30,312 [INFO] IPUIPlugin:74 - create IPUIPlugin
2025-09-10 18:55:30,312 [INFO] PluginManager:213 - loadIPPluginJar : add resmgrutility
2025-09-10 18:55:30,412 [INFO] IPUIPlugin:74 - create IPUIPlugin
2025-09-10 18:55:30,412 [INFO] PluginManager:213 - loadIPPluginJar : add sai
2025-09-10 18:55:30,492 [INFO] IPUIPlugin:74 - create IPUIPlugin
2025-09-10 18:55:30,492 [INFO] PluginManager:213 - loadIPPluginJar : add spi
2025-09-10 18:55:30,601 [INFO] IPUIPlugin:74 - create IPUIPlugin
2025-09-10 18:55:30,601 [INFO] PluginManager:213 - loadIPPluginJar : add stm32_wpan
2025-09-10 18:55:30,660 [INFO] IPUIPlugin:74 - create IPUIPlugin
2025-09-10 18:55:30,660 [INFO] PluginManager:213 - loadIPPluginJar : add tim
2025-09-10 18:55:30,770 [INFO] IPUIPlugin:74 - create IPUIPlugin
2025-09-10 18:55:30,770 [INFO] PluginManager:213 - loadIPPluginJar : add touchsensing
2025-09-10 18:55:30,837 [INFO] IPUIPlugin:74 - create IPUIPlugin
2025-09-10 18:55:30,837 [INFO] PluginManager:213 - loadIPPluginJar : add tracer_emb
2025-09-10 18:55:30,901 [INFO] IPUIPlugin:74 - create IPUIPlugin
2025-09-10 18:55:30,901 [INFO] PluginManager:213 - loadIPPluginJar : add ts
2025-09-10 18:55:30,955 [INFO] IPUIPlugin:74 - create IPUIPlugin
2025-09-10 18:55:30,955 [INFO] PluginManager:213 - loadIPPluginJar : add tsc
2025-09-10 18:55:31,010 [INFO] IPUIPlugin:74 - create IPUIPlugin
2025-09-10 18:55:31,010 [INFO] PluginManager:213 - loadIPPluginJar : add ucpd
2025-09-10 18:55:31,102 [INFO] IPUIPlugin:74 - create IPUIPlugin
2025-09-10 18:55:31,102 [INFO] PluginManager:213 - loadIPPluginJar : add usart
2025-09-10 18:55:31,182 [INFO] IPUIPlugin:74 - create IPUIPlugin
2025-09-10 18:55:31,190 [INFO] PluginManager:213 - loadIPPluginJar : add usbx
2025-09-10 18:55:31,561 [FATAL] Updater:294 - Updater called before beeing initialized
2025-09-10 18:55:31,724 [FATAL] Updater:294 - Updater called before beeing initialized
2025-09-10 18:55:31,741 [INFO] DbMcusAds:47 - JSON generation date=Tue Jul 08 15:14:23 ICT 2025 (1751962463582)
2025-09-10 18:55:31,741 [FATAL] Updater:294 - Updater called before beeing initialized
2025-09-10 18:55:31,796 [WARN] DetailPanel:314 - Failed to get advertising image, set to default
2025-09-10 18:55:31,932 [FATAL] Updater:294 - Updater called before beeing initialized
2025-09-10 18:55:31,935 [FATAL] Updater:294 - Updater called before beeing initialized
2025-09-10 18:55:31,935 [FATAL] Updater:294 - Updater called before beeing initialized
2025-09-10 18:55:31,935 [WARN] DetailPanel:314 - Failed to get advertising image, set to default
2025-09-10 18:55:31,935 [FATAL] Updater:294 - Updater called before beeing initialized
2025-09-10 18:55:32,033 [ERROR] Updater:1075 - MainUpdater not yet initialized. External WinMGr cannot be set.
2025-09-10 18:55:32,054 [INFO] Updater:1012 - Updater Version found : 6.3.0
2025-09-10 18:55:32,087 [INFO] ApplicationProperties:181 - Using Application install path: C:\ST\STM32CubeIDE_1.7.0\STM32CubeIDE\plugins\com.st.stm32cube.common.mx_6.3.0.202107141111
2025-09-10 18:55:32,369 [INFO] MainUpdater:2671 - connection check result : 10
2025-09-10 18:55:32,370 [INFO] MainUpdater:265 - Updater Check For Update Now.
2025-09-10 18:55:32,370 [INFO] MicroXplorer:478 - Change Database Version : DB.6.0.30
2025-09-10 18:55:32,674 [INFO] CheckServerUpdateThread:112 - End of CheckServer Thread
2025-09-10 18:55:32,748 [INFO] MainUpdater:2671 - connection check result : 10
2025-09-10 18:55:33,463 [ERROR] Engine:463 - C:\Users\hi\.stm32cubemx\thirdparties\pdsc\STMicroelectronics.FP-SNS-MOTENVWB1.1.4.0.pdsc: PDSC version is not supported
2025-09-10 18:55:33,522 [INFO] McuFinderGlobals:52 - Set McuFinderConnectedMode to false
2025-09-10 18:55:33,537 [WARN] PackLoader:238 - Cannot read IP mode file for STMicroelectronics.FP-ATR-ASTRA1.2.0.2
2025-09-10 18:55:33,566 [ERROR] Engine:463 - C:\Users\hi\.stm32cubemx\thirdparties\pdsc\STMicroelectronics.X-CUBE-SMBUS.2.1.0.pdsc: PDSC version is not supported
2025-09-10 18:55:33,586 [ERROR] Engine:463 - C:\Users\hi\.stm32cubemx\thirdparties\pdsc\STMicroelectronics.X-CUBE-ST60.1.0.0.pdsc: PDSC version is not supported
2025-09-10 18:55:33,691 [WARN] PackLoader:238 - Cannot read IP mode file for STMicroelectronics.X-CUBE-AZRTOS-F7.1.1.0
2025-09-10 18:55:33,695 [INFO] CrossSelectorPresenter:1330 - Cross Selector saved comparison directory: C:\Users\hi\.stmcufinder\plugins\mcufinder\mcu\cs_comparisons_mx
2025-09-10 18:55:33,702 [INFO] MultiScanPanel:197 - Auto-refresh data requested => check proxy status ongoing
2025-09-10 18:55:33,702 [INFO] MultiScanPanel:201 - Proxy status is invalid
2025-09-10 18:55:33,710 [INFO] FinderPluginLoader:87 - Searching for filters in installed packs
2025-09-10 18:55:33,711 [INFO] DbMcusXml:100 - Load MCU database from C:\ST\STM32CubeIDE_1.7.0\STM32CubeIDE\plugins\com.st.stm32cube.common.mx_6.3.0.202107141111\\db\/mcu/families.xml
2025-09-10 18:55:33,731 [ERROR] Engine:463 - C:\Users\hi\.stm32cubemx\thirdparties\pdsc\WES.I-CUBE-Cesium.1.4.0.pdsc: PDSC version is not supported
2025-09-10 18:55:33,767 [ERROR] Engine:463 - C:\Users\hi\.stm32cubemx\thirdparties\pdsc\Infineon.AIROC-Wi-Fi-Bluetooth-STM32.1.7.1.pdsc: PDSC version is not supported
2025-09-10 18:55:33,852 [WARN] PackLoader:238 - Cannot read IP mode file for STMicroelectronics.X-CUBE-AZRTOS-H7.3.4.0
2025-09-10 18:55:33,905 [ERROR] Engine:463 - C:\Users\hi\.stm32cubemx\thirdparties\pdsc\STMicroelectronics.X-CUBE-DISPLAY.3.0.0.pdsc: PDSC version is not supported
2025-09-10 18:55:33,942 [WARN] PackLoader:238 - Cannot read IP mode file for STMicroelectronics.X-CUBE-NFC10.1.0.0
2025-09-10 18:55:33,971 [ERROR] Engine:463 - C:\Users\hi\.stm32cubemx\thirdparties\pdsc\emotas.I-CUBE-CANOPEN.1.3.0.pdsc: PDSC version is not supported
2025-09-10 18:55:33,994 [ERROR] Engine:463 - C:\Users\hi\.stm32cubemx\thirdparties\pdsc\STMicroelectronics.FP-SNS-STBOX1.2.1.0.pdsc: PDSC version is not supported
2025-09-10 18:55:34,019 [ERROR] Engine:463 - C:\Users\hi\.stm32cubemx\thirdparties\pdsc\STMicroelectronics.FP-SNS-SMARTAG2.1.2.0.pdsc: PDSC version is not supported
2025-09-10 18:55:34,042 [ERROR] Engine:463 - C:\Users\hi\.stm32cubemx\thirdparties\pdsc\STMicroelectronics.FP-SNS-FLIGHT1.5.1.0.pdsc: PDSC version is not supported
2025-09-10 18:55:34,085 [INFO] LogOutputStream:76 - [STDOUT_REDIRECT] 1 : Invalid condition id : UX_CORESTACK_Condition cause : null
2025-09-10 18:55:34,087 [INFO] LogOutputStream:76 - [STDOUT_REDIRECT] 1 : Invalid condition id : UX_CORESTACK_Condition cause : null
2025-09-10 18:55:34,087 [INFO] LogOutputStream:76 - [STDOUT_REDIRECT] 1 : Invalid condition id : UX_CORESTACK_Condition cause : null
2025-09-10 18:55:34,095 [INFO] LogOutputStream:76 - [STDOUT_REDIRECT] 1 : Invalid condition id : UX_CORESTACK_Condition cause : null
2025-09-10 18:55:34,095 [INFO] LogOutputStream:76 - [STDOUT_REDIRECT] 1 : Invalid condition id : UX_CORESTACK_Condition cause : null
2025-09-10 18:55:34,104 [WARN] PackLoader:238 - Cannot read IP mode file for STMicroelectronics.X-CUBE-AZRTOS-WL.2.0.0
2025-09-10 18:55:34,131 [ERROR] Engine:463 - C:\Users\hi\.stm32cubemx\thirdparties\pdsc\STMicroelectronics.FP-SNS-MOTENV1.5.0.0.pdsc: PDSC version is not supported
2025-09-10 18:55:34,190 [WARN] PackLoader:238 - Cannot read IP mode file for STMicroelectronics.X-CUBE-BLE2.3.3.0
2025-09-10 18:55:34,220 [WARN] PackLoader:238 - Cannot read IP mode file for STMicroelectronics.X-CUBE-NFC9.1.0.0
2025-09-10 18:55:34,250 [WARN] PackLoader:238 - Cannot read IP mode file for wolfSSL.I-CUBE-wolfSSL.5.8.2
2025-09-10 18:55:34,276 [WARN] PackLoader:238 - Cannot read IP mode file for STMicroelectronics.X-CUBE-BLE1.7.1.0
2025-09-10 18:55:34,299 [WARN] PackLoader:238 - Cannot read IP mode file for wolfSSL.I-CUBE-wolfMQTT.1.19.2
2025-09-10 18:55:34,375 [WARN] PackLoader:238 - Cannot read IP mode file for STMicroelectronics.X-CUBE-EEPRMA1.5.2.0
2025-09-10 18:55:34,447 [WARN] PackLoader:238 - Cannot read IP mode file for STMicroelectronics.X-CUBE-AZRTOS-G0.1.1.0
2025-09-10 18:55:34,521 [WARN] PackLoader:238 - Cannot read IP mode file for STMicroelectronics.X-CUBE-SAFEA1.1.2.2
2025-09-10 18:55:34,546 [WARN] PackLoader:238 - Cannot read IP mode file for STMicroelectronics.X-CUBE-NFC4.3.0.0
2025-09-10 18:55:34,571 [ERROR] Engine:463 - C:\Users\hi\.stm32cubemx\thirdparties\pdsc\EmbeddedOffice.I-CUBE-FS-RTOS.1.0.1.pdsc: PDSC version is not supported
2025-09-10 18:55:34,596 [WARN] PackLoader:238 - Cannot read IP mode file for STMicroelectronics.X-CUBE-WB05N.2.0.0
2025-09-10 18:55:34,635 [WARN] PackLoader:238 - Cannot read IP mode file for wolfSSL.I-CUBE-wolfTPM.3.8.0
2025-09-10 18:55:34,650 [ERROR] Engine:463 - C:\Users\hi\.stm32cubemx\thirdparties\pdsc\STMicroelectronics.X-CUBE-TCPP.4.2.0.pdsc: PDSC version is not supported
2025-09-10 18:55:34,671 [ERROR] Engine:463 - C:\Users\hi\.stm32cubemx\thirdparties\pdsc\RealThread.X-CUBE-RT-Thread_Nano.4.1.1.pdsc: PDSC version is not supported
2025-09-10 18:55:34,691 [WARN] PackLoader:238 - Cannot read IP mode file for STMicroelectronics.FP-ATR-SIGFOX1.3.2.0
2025-09-10 18:55:34,711 [ERROR] Engine:463 - C:\Users\hi\.stm32cubemx\thirdparties\pdsc\ITTIA_DB.I-CUBE-ITTIADB.8.9.0.pdsc: PDSC version is not supported
2025-09-10 18:55:34,730 [ERROR] Engine:463 - C:\Users\hi\.stm32cubemx\thirdparties\pdsc\STMicroelectronics.X-CUBE-ST67W61.1.0.0.pdsc: PDSC version is not supported
2025-09-10 18:55:34,750 [WARN] PackLoader:238 - Cannot read IP mode file for STMicroelectronics.X-CUBE-AI.10.2.0
2025-09-10 18:55:34,855 [WARN] PackLoader:238 - Cannot read IP mode file for SEGGER.I-CUBE-embOS.1.3.1
2025-09-10 18:55:35,002 [WARN] PackLoader:238 - Cannot read IP mode file for STMicroelectronics.X-CUBE-ALGOBUILD.1.4.0
2025-09-10 18:55:35,145 [WARN] PackLoader:238 - Cannot read IP mode file for STMicroelectronics.X-CUBE-MEMS1.11.3.0
2025-09-10 18:55:35,723 [INFO] DbMcusJson:93 - JSON generation date=Tue Nov 16 23:17:54 ICT 2021 (1637079474)
2025-09-10 18:55:35,804 [WARN] PackLoader:238 - Cannot read IP mode file for STMicroelectronics.X-CUBE-PM33A1.1.0.0
2025-09-10 18:55:35,860 [WARN] PackLoader:238 - Cannot read IP mode file for STMicroelectronics.X-CUBE-AZRTOS-F4.1.1.0
2025-09-10 18:55:35,902 [ERROR] Engine:463 - C:\Users\hi\.stm32cubemx\thirdparties\pdsc\Avnet-IotConnect.X-CUBE-IoTC-DA16k-PMOD.1.0.0.pdsc: PDSC version is not supported
2025-09-10 18:55:35,920 [WARN] PackLoader:238 - Cannot read IP mode file for STMicroelectronics.X-CUBE-ISPU.2.1.0
2025-09-10 18:55:35,945 [WARN] PackLoader:238 - Cannot read IP mode file for STMicroelectronics.X-CUBE-NFC12.1.0.0
2025-09-10 18:55:36,011 [WARN] PackLoader:238 - Cannot read IP mode file for STMicroelectronics.X-CUBE-AZRTOS-L5.2.0.0
2025-09-10 18:55:36,076 [WARN] PackLoader:238 - Cannot read IP mode file for STMicroelectronics.X-CUBE-NFC6.3.1.0
2025-09-10 18:55:36,102 [ERROR] Engine:463 - C:\Users\hi\.stm32cubemx\thirdparties\pdsc\STMicroelectronics.X-CUBE-FREERTOS.1.3.1.pdsc: PDSC version is not supported
2025-09-10 18:55:36,123 [ERROR] Engine:463 - C:\Users\hi\.stm32cubemx\thirdparties\pdsc\STMicroelectronics.FP-SNS-STAIOTCFT.1.0.0.pdsc: PDSC version is not supported
2025-09-10 18:55:36,142 [ERROR] Engine:463 - C:\Users\hi\.stm32cubemx\thirdparties\pdsc\STMicroelectronics.X-CUBE-DPower.1.3.0.pdsc: PDSC version is not supported
2025-09-10 18:55:36,220 [WARN] ConditionMgr:437 - getConditionDescription Invalid condition id : LAN8742 Phy interface Condition cause : null
2025-09-10 18:55:36,222 [WARN] PackLoader:238 - Cannot read IP mode file for STMicroelectronics.X-CUBE-AZRTOS-L4.2.0.0
2025-09-10 18:55:36,222 [WARN] ConditionMgr:1038 - genDependencies : Invalid condition id : LAN8742 Phy interface Condition cause : null
2025-09-10 18:55:36,222 [WARN] ConditionMgr:1038 - genDependencies : Invalid condition id : LAN8742 Phy interface Condition cause : null
2025-09-10 18:55:36,222 [WARN] ConditionMgr:1038 - genDependencies : Invalid condition id : LAN8742 Phy interface Condition cause : null
2025-09-10 18:55:36,247 [WARN] PackLoader:238 - Cannot read IP mode file for STMicroelectronics.X-CUBE-SFXS2LP1.4.0.0
2025-09-10 18:55:36,271 [ERROR] Engine:463 - C:\Users\hi\.stm32cubemx\thirdparties\pdsc\STMicroelectronics.X-CUBE-BLEMGR.4.1.0.pdsc: PDSC version is not supported
2025-09-10 18:55:36,321 [WARN] ConditionMgr:437 - getConditionDescription Invalid condition id : UX DEVICE CLASS RTOS Condition cause : null
2025-09-10 18:55:36,321 [WARN] ConditionMgr:437 - getConditionDescription Invalid condition id : UX DEVICE CLASS RTOS Condition cause : null
2025-09-10 18:55:36,321 [WARN] PackLoader:238 - Cannot read IP mode file for STMicroelectronics.X-CUBE-AZRTOS-WB.2.0.0
2025-09-10 18:55:36,331 [WARN] ConditionMgr:1038 - genDependencies : Invalid condition id : UX DEVICE CLASS RTOS Condition cause : null
2025-09-10 18:55:36,331 [WARN] ConditionMgr:1038 - genDependencies : Invalid condition id : UX DEVICE CLASS RTOS Condition cause : null
2025-09-10 18:55:36,331 [WARN] ConditionMgr:1038 - genDependencies : Invalid condition id : UX DEVICE CLASS RTOS Condition cause : null
2025-09-10 18:55:36,331 [WARN] ConditionMgr:1038 - genDependencies : Invalid condition id : UX DEVICE CLASS RTOS Condition cause : null
2025-09-10 18:55:36,331 [WARN] ConditionMgr:1038 - genDependencies : Invalid condition id : UX DEVICE CLASS RTOS Condition cause : null
2025-09-10 18:55:36,362 [WARN] PackLoader:238 - Cannot read IP mode file for STMicroelectronics.X-CUBE-GNSS1.7.0.1
2025-09-10 18:55:36,383 [WARN] PackLoader:238 - Cannot read IP mode file for STMicroelectronics.X-CUBE-TOUCHGFX.4.25.0
2025-09-10 18:55:36,401 [ERROR] Engine:463 - C:\Users\hi\.stm32cubemx\thirdparties\pdsc\quantropi.X-CUBE-qispace-sdk-base.2.1.0.pdsc: PDSC version is not supported
2025-09-10 18:55:36,425 [WARN] PackLoader:238 - Cannot read IP mode file for STMicroelectronics.X-CUBE-SUBG2.5.0.0
2025-09-10 18:55:36,505 [WARN] PackLoader:238 - Cannot read IP mode file for STMicroelectronics.X-CUBE-AZRTOS-H7RS.1.1.0
2025-09-10 18:55:36,537 [ERROR] Engine:463 - C:\Users\hi\.stm32cubemx\thirdparties\pdsc\Cesanta.I-CUBE-Mongoose.7.13.0.pdsc: PDSC version is not supported
2025-09-10 18:55:36,600 [WARN] PackLoader:238 - Cannot read IP mode file for STMicroelectronics.X-CUBE-AZRTOS-G4.2.0.0
2025-09-10 18:55:36,620 [WARN] PackLoader:238 - Cannot read IP mode file for wolfSSL.I-CUBE-wolfSSH.1.4.20
2025-09-10 18:55:36,640 [WARN] PackLoader:238 - Cannot read IP mode file for STMicroelectronics.X-CUBE-NFC7.2.0.0
2025-09-10 18:55:36,665 [ERROR] Engine:463 - C:\Users\hi\.stm32cubemx\thirdparties\pdsc\STMicroelectronics.X-CUBE-IPS.3.1.0.pdsc: PDSC version is not supported
2025-09-10 18:55:36,682 [ERROR] Engine:463 - C:\Users\hi\.stm32cubemx\thirdparties\pdsc\STMicroelectronics.X-CUBE-ALS.1.0.2.pdsc: PDSC version is not supported
2025-09-10 18:55:36,720 [WARN] PackLoader:238 - Cannot read IP mode file for STMicroelectronics.X-CUBE-STSE01.1.0.0
2025-09-10 18:55:36,754 [WARN] PackLoader:238 - Cannot read IP mode file for portGmbH.I-Cube-SoM-uGOAL.1.1.0
2025-09-10 18:55:36,780 [ERROR] Engine:463 - C:\Users\hi\.stm32cubemx\thirdparties\pdsc\STMicroelectronics.X-CUBE-TOF1.3.4.3.pdsc: PDSC version is not supported
2025-09-10 18:55:36,780 [INFO] ThirdParty:915 - Integrity check success = true
2025-09-10 18:55:36,781 [INFO] IntegrityCheckThread:94 - exiting critical section [integrity check]
2025-09-10 18:55:36,781 [INFO] IntegrityCheckThread:97 - End integrity checks thread
2025-09-10 18:55:37,001 [INFO] DbMcus:175 - Found 1951 MCUs (1903 are supported by CubeMX, 1914 are visible in CubeMX)
2025-09-10 18:55:37,010 [INFO] ApiDb:251 - Load user favorites file C:\Users\hi/.stm32cubeide/favorites.mcus.txt: 0 item(s)
2025-09-10 18:55:37,010 [INFO] ApiDb:255 - User favorites MCUs=[]
2025-09-10 18:55:37,010 [INFO] DbMcus:187 - Set 0 / 0 favorites MCUs
2025-09-10 18:55:38,561 [INFO] DetailPanel:309 - Set advertising image to C:/Users/hi/STM32Cube/Repository/\en.2400x1350px.jpeg
2025-09-10 18:55:39,192 [INFO] DbBoardsPdsc:90 - Found 25 items
2025-09-10 18:55:39,212 [INFO] DbBoardsPdsc:90 - Found 9 items
2025-09-10 18:55:39,241 [INFO] DbBoardsPdsc:90 - Found 33 items
2025-09-10 18:55:39,252 [INFO] DbBoardsPdsc:90 - Found 1 items
2025-09-10 18:55:39,291 [INFO] DbBoardsPdsc:90 - Found 48 items
2025-09-10 18:55:39,312 [INFO] DbBoardsPdsc:90 - Found 43 items
2025-09-10 18:55:39,335 [INFO] DbBoardsPdsc:90 - Found 2 items
2025-09-10 18:55:39,360 [INFO] DbBoardsPdsc:90 - Found 5 items
2025-09-10 18:55:39,366 [WARN] DbBoardsPdsc:254 - Board STM32H7B3I-DK: unknown feature type=Audio, name=, username=Audio stereo codec with Headphone Amp (CS42L51-CNZ), n=1
2025-09-10 18:55:39,367 [WARN] DbBoardsPdsc:254 - Board STM32H735G-DK: unknown feature type=Audio, name=, username=Audio stereo codec with Headphone Amp (WM8994ECS/R), n=1
2025-09-10 18:55:39,369 [WARN] DbBoardsPdsc:254 - Board STM32H7B3I-EVAL: unknown feature type=Audio, name=, username=Multi-Channel Audio Codec (CS42L51-CNZ), n=1
2025-09-10 18:55:39,370 [WARN] DbBoardsPdsc:254 - Board STM32H7B3I-EVAL: unknown feature type=Meter, name=, username=Power-metering and Temperature-monitoring with sigma-delta modulators, n=1
2025-09-10 18:55:39,370 [WARN] DbBoardsPdsc:254 - Board STM32H7B3I-EVAL: unknown feature type=Motor, name=, username=Motor Control, n=1
2025-09-10 18:55:39,371 [WARN] DbBoardsPdsc:254 - Board STM32U575I-EV: unknown feature type=joystick, name=, username=4-direction joystick with selection button, n=1
2025-09-10 18:55:39,432 [INFO] DbBoardsJson:86 - JSON generation date=Tue Nov 16 23:17:54 ICT 2021 (1637079474)
2025-09-10 18:55:39,441 [INFO] DbBoards:117 - Found 167 boards (163 are supported by CubeMX)
2025-09-10 18:55:39,460 [INFO] DbBoardsDocs:143 - JSON generation date=Tue Nov 16 23:17:54 ICT 2021 (1637079474)
2025-09-10 18:55:39,472 [INFO] DbBoardsDocs:79 - Found 209 boards documents
2025-09-10 18:55:39,472 [WARN] DbBoards:127 - board B-L475E-IOT01A2 has no document id list !
2025-09-10 18:55:39,472 [WARN] DbBoards:127 - board NUCLEO-H743ZI has no document id list !
2025-09-10 18:55:39,472 [WARN] DbBoards:127 - board NUCLEO-WL55JC2 has no document id list !
2025-09-10 18:55:39,472 [WARN] DbBoards:127 - board P-NUCLEO-WB55-Nucleo has no document id list !
2025-09-10 18:55:39,472 [WARN] DbBoards:127 - board P-NUCLEO-WB55-USBDongle has no document id list !
2025-09-10 18:55:39,472 [WARN] DbBoards:127 - board STEVAL-BFA001V1B has no document id list !
2025-09-10 18:55:39,472 [WARN] DbBoards:127 - board STEVAL-BFA001V2B has no document id list !
2025-09-10 18:55:39,472 [WARN] DbBoards:127 - board STEVAL-IDP005V1 has no document id list !
2025-09-10 18:55:39,472 [WARN] DbBoards:127 - board STEVAL-IDP005V2 has no document id list !
2025-09-10 18:55:39,472 [WARN] DbBoards:127 - board STEVAL-MKSBOX1V1 has no document id list !
2025-09-10 18:55:39,472 [WARN] DbBoards:127 - board STEVAL-STWINKT1 has no document id list !
2025-09-10 18:55:39,472 [WARN] DbBoards:127 - board STEVAL-STWINKT1B has no document id list !
2025-09-10 18:55:39,472 [WARN] DbBoards:127 - board STM32439I-EVAL2 has no document id list !
2025-09-10 18:55:39,472 [WARN] DbBoards:127 - board STM32F401C-DISCO has no document id list !
2025-09-10 18:55:39,472 [WARN] DbBoards:127 - board STM32F769I-DISC1 has no document id list !
2025-09-10 18:55:39,472 [WARN] DbBoards:127 - board STM32G474E-EVAL1 has no document id list !
2025-09-10 18:55:39,472 [WARN] DbBoards:127 - board STM32H743I-EVAL2 has no document id list !
2025-09-10 18:55:39,472 [WARN] DbBoards:127 - board STM32H747I-DISC1 has no document id list !
2025-09-10 18:55:39,472 [WARN] DbBoards:127 - board STM32H753I-EVAL2 has no document id list !
2025-09-10 18:55:39,472 [WARN] DbBoards:127 - board STM32L-DISCOVERY has no document id list !
2025-09-10 18:55:39,682 [ERROR] DbBoards:189 - Image file not found for board B-U585I-IOT02A: C:\ST\STM32CubeIDE_1.7.0\STM32CubeIDE\plugins\com.st.stm32cube.common.mx_6.3.0.202107141111\\db\/plugins/mcufinder/images/boards/B-U585I-IOT02A_small.jpg
2025-09-10 18:55:39,841 [ERROR] DbBoards:189 - Image file not found for board NUCLEO-F413ZH: C:\ST\STM32CubeIDE_1.7.0\STM32CubeIDE\plugins\com.st.stm32cube.common.mx_6.3.0.202107141111\\db\/plugins/mcufinder/images/boards/nucleo-f413zh_small.jpg
2025-09-10 18:55:40,182 [ERROR] DbBoards:189 - Image file not found for board NUCLEO-L552ZE-Q: C:\ST\STM32CubeIDE_1.7.0\STM32CubeIDE\plugins\com.st.stm32cube.common.mx_6.3.0.202107141111\\db\/plugins/mcufinder/images/boards/nucleo_l552ze_q_small.jpg
2025-09-10 18:55:40,182 [ERROR] DbBoards:189 - Image file not found for board NUCLEO-U575ZI-Q: C:\ST\STM32CubeIDE_1.7.0\STM32CubeIDE\plugins\com.st.stm32cube.common.mx_6.3.0.202107141111\\db\/plugins/mcufinder/images/boards/nucleo-u575zi-q_small.jpg
2025-09-10 18:55:40,182 [ERROR] DbBoards:189 - Image file not found for board NUCLEO-WB15CC: C:\ST\STM32CubeIDE_1.7.0\STM32CubeIDE\plugins\com.st.stm32cube.common.mx_6.3.0.202107141111\\db\/plugins/mcufinder/images/boards/nucleo-wb15cc_small.jpg
2025-09-10 18:55:40,182 [ERROR] DbBoards:189 - Image file not found for board NUCLEO-WB55RG: C:\ST\STM32CubeIDE_1.7.0\STM32CubeIDE\plugins\com.st.stm32cube.common.mx_6.3.0.202107141111\\db\/plugins/mcufinder/images/boards/nucleo-wb55rg_small.jpg
2025-09-10 18:55:41,951 [INFO] ApiDb:251 - Load user favorites file C:\Users\hi/.stm32cubeide/favorites.boards.txt: 0 item(s)
2025-09-10 18:55:41,951 [INFO] ApiDb:255 - User favorites Boards=[]
2025-09-10 18:55:41,951 [INFO] DbBoards:206 - Set 0 / 0 favorites Boards
2025-09-10 18:57:59,851 [INFO] DbMcusDocs:143 - JSON generation date=Tue Nov 16 23:17:54 ICT 2021 (1637079474)
2025-09-10 18:58:00,407 [INFO] DbMcusDocs:79 - Found 682 MCUs documents
2025-09-10 19:01:00,525 [INFO] MainUpdater:2671 - connection check result : 10
2025-09-10 19:01:00,526 [INFO] MainUpdater:2671 - connection check result : 10
2025-09-10 19:01:00,608 [INFO] MicroXplorer:448 - Change Database Path : 
2025-09-10 19:01:00,609 [INFO] MicroXplorer:478 - Change Database Version : DB.6.0.30
2025-09-10 19:01:00,609 [WARN] ThirdParty:813 - waiting for thirdparty lock release [close project]
2025-09-10 19:01:00,609 [INFO] ThirdParty:815 - entering critical section [close project]
2025-09-10 19:01:00,610 [INFO] ThirdParty:825 - exiting critical section [close project]
2025-09-10 19:01:00,613 [INFO] PinOutPanel:1463 - setPackage(No Configuration,No Configuration)
2025-09-10 19:01:00,615 [INFO] UtilMem:74 - Begin LoadConfig() Used Memory: 875324528 Bytes (1073741824)
2025-09-10 19:01:00,617 [INFO] MicroXplorer:448 - Change Database Path : 
2025-09-10 19:01:00,617 [INFO] MicroXplorer:478 - Change Database Version : DB.6.0.30
2025-09-10 19:01:00,619 [INFO] OpenFileManager:313 - Change cursor
2025-09-10 19:01:02,236 [INFO] Context:592 - Trying to add GPIOservice into a context  which must be forbidden
2025-09-10 19:01:02,722 [INFO] ImportTextPane:167 - (OptionalMessage_ERROR) Unable to find key (Mcu.ThirdPartyNb) in loaded IOC file
2025-09-10 19:01:02,723 [INFO] ImportTextPane:167 - (OptionalMessage_ERROR) Unable to find key (Mcu.PinsNb) in loaded IOC file
2025-09-10 19:01:02,723 [INFO] ImportTextPane:167 - (OptionalMessage_ERROR) Unable to find key (Mcu.IPNb) in loaded IOC file
2025-09-10 19:01:02,817 [WARN] ApiManager:304 - Cannot register API 'Board Extension:PM33A1' from pack STMicroelectronics.X-CUBE-PM33A1.1.0.0: no header file found
2025-09-10 19:01:02,823 [WARN] ApiManager:304 - Cannot register API 'Board Extension:NFC09A1' from pack STMicroelectronics.X-CUBE-NFC9.1.0.0: no header file found
2025-09-10 19:01:02,835 [WARN] ApiManager:304 - Cannot register API 'Wireless:BlueNRG-MS' from pack STMicroelectronics.X-CUBE-BLE1.7.1.0: no header file found
2025-09-10 19:01:02,842 [WARN] ApiManager:304 - Cannot register API 'Board Extension:EEPRMA2' from pack STMicroelectronics.X-CUBE-EEPRMA1.5.2.0: no header file found
2025-09-10 19:01:02,842 [WARN] ApiManager:304 - Cannot register API 'Board Extension:PGEEZ1' from pack STMicroelectronics.X-CUBE-EEPRMA1.5.2.0: no header file found
2025-09-10 19:01:02,842 [WARN] ApiManager:304 - Cannot register API 'Board Extension:EEICA1' from pack STMicroelectronics.X-CUBE-EEPRMA1.5.2.0: no header file found
2025-09-10 19:01:02,842 [WARN] ApiManager:304 - Cannot register API 'Board Part:M24' from pack STMicroelectronics.X-CUBE-EEPRMA1.5.2.0: no header file found
2025-09-10 19:01:02,843 [WARN] ApiManager:304 - Cannot register API 'Board Part:M95' from pack STMicroelectronics.X-CUBE-EEPRMA1.5.2.0: no header file found
2025-09-10 19:01:02,844 [WARN] ApiManager:304 - Cannot register API 'Board Part:M95P32' from pack STMicroelectronics.X-CUBE-EEPRMA1.5.2.0: no header file found
2025-09-10 19:01:02,844 [WARN] ApiManager:304 - Cannot register API 'Board Part:M24256E-F' from pack STMicroelectronics.X-CUBE-EEPRMA1.5.2.0: no header file found
2025-09-10 19:01:02,844 [WARN] ApiManager:304 - Cannot register API 'Board Part:M24M01E-F' from pack STMicroelectronics.X-CUBE-EEPRMA1.5.2.0: no header file found
2025-09-10 19:01:02,844 [WARN] ApiManager:304 - Cannot register API 'PGEEZ1:SPI' from pack STMicroelectronics.X-CUBE-EEPRMA1.5.2.0: no header file found
2025-09-10 19:01:02,844 [WARN] ApiManager:304 - Cannot register API 'PGEEZ1:QDSPI' from pack STMicroelectronics.X-CUBE-EEPRMA1.5.2.0: no header file found
2025-09-10 19:01:02,853 [WARN] ApiManager:304 - Cannot register API 'Board Extension:GNSS1A1' from pack STMicroelectronics.X-CUBE-GNSS1.7.0.1: no header file found
2025-09-10 19:01:02,853 [WARN] ApiManager:304 - Cannot register API 'Board Support:Custom' from pack STMicroelectronics.X-CUBE-GNSS1.7.0.1: no header file found
2025-09-10 19:01:02,853 [WARN] ApiManager:304 - Cannot register API 'Data Exchange:lib_gnss' from pack STMicroelectronics.X-CUBE-GNSS1.7.0.1: no header file found
2025-09-10 19:01:02,856 [WARN] ApiManager:304 - Cannot register API 'Board Extension:NFC12A1' from pack STMicroelectronics.X-CUBE-NFC12.1.0.0: no header file found
2025-09-10 19:01:02,872 [WARN] ApiManager:304 - Cannot register API 'Board Extension:NFC06A1' from pack STMicroelectronics.X-CUBE-NFC6.3.1.0: no header file found
2025-09-10 19:01:02,872 [WARN] ApiManager:304 - Cannot register API 'Board Extension:NFC08A1' from pack STMicroelectronics.X-CUBE-NFC6.3.1.0: no header file found
2025-09-10 19:01:02,874 [INFO] RtosManager:484 - Registered RTOS mode: class=CMSIS, group=RTOS, mode=CMSIS_V1, owner=FREERTOS
2025-09-10 19:01:02,875 [INFO] RtosManager:484 - Registered RTOS mode: class=CMSIS, group=RTOS2, mode=CMSIS_V2, owner=FREERTOS
2025-09-10 19:01:02,875 [INFO] RtosManager:484 - Registered RTOS mode: class=RTOS, group=Core, mode=CMSIS_V1, owner=FREERTOS
2025-09-10 19:01:02,875 [INFO] RtosManager:484 - Registered RTOS mode: class=RTOS, group=Core, mode=CMSIS_V2, owner=FREERTOS
2025-09-10 19:01:02,875 [WARN] ModelIntegratedComponent:181 - Missing modes for component STMicroelectronics:FreeRTOS:0.0.1:STMicroelectronics:RTOS:FreeRTOS:Core:::10.2.0:
2025-09-10 19:01:02,886 [WARN] ApiManager:304 - Cannot register API 'Board Extension:STSAFEA1' from pack STMicroelectronics.X-CUBE-SAFEA1.1.2.2: no header file found
2025-09-10 19:01:02,887 [WARN] ApiManager:304 - Cannot register API 'Board Part:STSAFEA110' from pack STMicroelectronics.X-CUBE-SAFEA1.1.2.2: no header file found
2025-09-10 19:01:02,887 [WARN] ApiManager:304 - Cannot register API 'Security:ST_Cryptolib' from pack STMicroelectronics.X-CUBE-SAFEA1.1.2.2: no header file found
2025-09-10 19:01:02,887 [WARN] ApiManager:304 - Cannot register API 'Security:MbedTLS' from pack STMicroelectronics.X-CUBE-SAFEA1.1.2.2: no header file found
2025-09-10 19:01:02,888 [WARN] ApiManager:304 - Cannot register API 'Board Extension:NFC04A1' from pack STMicroelectronics.X-CUBE-NFC4.3.0.0: no header file found
2025-09-10 19:01:02,903 [WARN] ApiManager:304 - Cannot register API 'Board Extension:S2868A1' from pack STMicroelectronics.X-CUBE-SUBG2.5.0.0: no header file found
2025-09-10 19:01:02,903 [WARN] ApiManager:304 - Cannot register API 'Board Extension:S2868A2' from pack STMicroelectronics.X-CUBE-SUBG2.5.0.0: no header file found
2025-09-10 19:01:02,903 [WARN] ApiManager:304 - Cannot register API 'Board Extension:S2915A1' from pack STMicroelectronics.X-CUBE-SUBG2.5.0.0: no header file found
2025-09-10 19:01:02,917 [WARN] ApiManager:304 - Cannot register API 'Wireless:STM32WB05N' from pack STMicroelectronics.X-CUBE-WB05N.2.0.0: no header file found
2025-09-10 19:01:02,922 [WARN] ApiManager:304 - Cannot register API 'Board Extension:NFC07A1' from pack STMicroelectronics.X-CUBE-NFC7.2.0.0: no header file found
2025-09-10 19:01:02,923 [WARN] ApiManager:304 - Cannot register API 'Board Extension:NFC10A1' from pack STMicroelectronics.X-CUBE-NFC10.1.0.0: no header file found
2025-09-10 19:01:02,925 [WARN] ModelIntegratedComponent:60 - No mode defined for component null
2025-09-10 19:01:02,926 [WARN] ModelIntegratedComponent:60 - No mode defined for component null
2025-09-10 19:01:02,926 [WARN] ModelIntegratedComponent:60 - No mode defined for component null
2025-09-10 19:01:02,926 [WARN] ModelIntegratedComponent:60 - No mode defined for component null
2025-09-10 19:01:02,926 [WARN] ModelIntegratedComponent:60 - No mode defined for component null
2025-09-10 19:01:02,926 [WARN] ModelIntegratedComponent:60 - No mode defined for component null
2025-09-10 19:01:02,926 [WARN] ModelIntegratedComponent:60 - No mode defined for component null
2025-09-10 19:01:02,926 [WARN] ModelIntegratedComponent:60 - No mode defined for component null
2025-09-10 19:01:02,926 [WARN] ModelIntegratedComponent:60 - No mode defined for component null
2025-09-10 19:01:02,926 [WARN] ModelIntegratedComponent:60 - No mode defined for component null
2025-09-10 19:01:02,927 [WARN] ModelIntegratedComponent:60 - No mode defined for component null
2025-09-10 19:01:02,927 [WARN] ModelIntegratedComponent:60 - No mode defined for component null
2025-09-10 19:01:02,927 [WARN] ModelIntegratedComponent:60 - No mode defined for component null
2025-09-10 19:01:02,927 [WARN] ModelIntegratedComponent:60 - No mode defined for component null
2025-09-10 19:01:02,927 [WARN] ModelIntegratedComponent:60 - No mode defined for component null
2025-09-10 19:01:02,931 [WARN] ModelIntegratedComponent:60 - No mode defined for component null
2025-09-10 19:01:02,931 [WARN] ModelIntegratedComponent:60 - No mode defined for component null
2025-09-10 19:01:02,932 [WARN] ModelIntegratedComponent:60 - No mode defined for component null
2025-09-10 19:01:02,932 [WARN] ModelIntegratedComponent:60 - No mode defined for component null
2025-09-10 19:01:02,932 [WARN] ModelIntegratedComponent:60 - No mode defined for component null
2025-09-10 19:01:02,932 [WARN] ModelIntegratedComponent:60 - No mode defined for component null
2025-09-10 19:01:02,932 [WARN] ModelIntegratedComponent:60 - No mode defined for component null
2025-09-10 19:01:02,932 [WARN] ModelIntegratedComponent:60 - No mode defined for component null
2025-09-10 19:01:02,933 [WARN] ModelIntegratedComponent:60 - No mode defined for component null
2025-09-10 19:01:02,933 [WARN] ModelIntegratedComponent:60 - No mode defined for component null
2025-09-10 19:01:02,933 [WARN] ModelIntegratedComponent:60 - No mode defined for component null
2025-09-10 19:01:02,933 [WARN] ModelIntegratedComponent:60 - No mode defined for component null
2025-09-10 19:01:02,934 [WARN] ModelIntegratedComponent:60 - No mode defined for component null
2025-09-10 19:01:02,934 [WARN] ModelIntegratedComponent:60 - No mode defined for component null
2025-09-10 19:01:02,934 [WARN] ModelIntegratedComponent:60 - No mode defined for component null
2025-09-10 19:01:02,934 [WARN] ModelIntegratedComponent:60 - No mode defined for component null
2025-09-10 19:01:02,937 [WARN] ApiManager:304 - Cannot register API 'Board Extension:SAFEA1' from pack STMicroelectronics.X-CUBE-STSE01.1.0.0: no header file found
2025-09-10 19:01:02,937 [WARN] ApiManager:304 - Cannot register API 'Board Extension:ESE01A1' from pack STMicroelectronics.X-CUBE-STSE01.1.0.0: no header file found
2025-09-10 19:01:02,937 [WARN] ApiManager:304 - Cannot register API 'Board Part:STSAFEA110' from pack STMicroelectronics.X-CUBE-STSE01.1.0.0: no header file found
2025-09-10 19:01:02,937 [WARN] ApiManager:304 - Cannot register API 'Board Part:STSAFEA120' from pack STMicroelectronics.X-CUBE-STSE01.1.0.0: no header file found
2025-09-10 19:01:02,937 [WARN] ApiManager:304 - Cannot register API 'Security:STM32_Cryptographic' from pack STMicroelectronics.X-CUBE-STSE01.1.0.0: no header file found
2025-09-10 19:01:02,937 [WARN] ApiManager:304 - Cannot register API 'Security:STSELib' from pack STMicroelectronics.X-CUBE-STSE01.1.0.0: no header file found
2025-09-10 19:01:03,518 [WARN] ApiManager:304 - Cannot register API 'Board Extension:IKS01A3' from pack STMicroelectronics.X-CUBE-MEMS1.11.3.0: no header file found
2025-09-10 19:01:03,518 [WARN] ApiManager:304 - Cannot register API 'Board Extension:IKS02A1' from pack STMicroelectronics.X-CUBE-MEMS1.11.3.0: no header file found
2025-09-10 19:01:03,518 [WARN] ApiManager:304 - Cannot register API 'Board Extension:IKS4A1' from pack STMicroelectronics.X-CUBE-MEMS1.11.3.0: no header file found
2025-09-10 19:01:03,569 [WARN] ApiManager:304 - Cannot register API 'Board Extension:S2868A1' from pack STMicroelectronics.X-CUBE-SFXS2LP1.4.0.0: no header file found
2025-09-10 19:01:03,569 [WARN] ApiManager:304 - Cannot register API 'Board Extension:S2868A2' from pack STMicroelectronics.X-CUBE-SFXS2LP1.4.0.0: no header file found
2025-09-10 19:01:03,569 [WARN] ApiManager:304 - Cannot register API 'Board Extension:S2915A1' from pack STMicroelectronics.X-CUBE-SFXS2LP1.4.0.0: no header file found
2025-09-10 19:01:03,570 [WARN] ApiManager:304 - Cannot register API 'Wireless:BlueNRG-2' from pack STMicroelectronics.X-CUBE-BLE2.3.3.0: no header file found
2025-09-10 19:01:08,093 [INFO] UtilMem:74 - End LoadConfig() Used Memory: 843585176 Bytes (1073741824)
2025-09-10 19:01:08,107 [WARN] ThirdParty:779 - waiting for thirdparty lock release [change project]
2025-09-10 19:01:08,107 [INFO] ThirdParty:781 - entering critical section [change project]
2025-09-10 19:01:08,108 [INFO] ThirdParty:967 - CMSIS Pack Vendor :STMicroelectronics X-CUBE-PM33A1 1.0.0
2025-09-10 19:01:08,108 [INFO] ThirdParty:967 - CMSIS Pack Vendor :STMicroelectronics X-CUBE-NFC9 1.0.0
2025-09-10 19:01:08,108 [INFO] ThirdParty:967 - CMSIS Pack Vendor :STMicroelectronics USB_HOST 2.0.0
2025-09-10 19:01:08,108 [INFO] ThirdParty:967 - CMSIS Pack Vendor :STMicroelectronics X-CUBE-AZRTOS-F4 1.1.0
2025-09-10 19:01:08,108 [INFO] ThirdParty:967 - CMSIS Pack Vendor :STMicroelectronics FP-ATR-ASTRA1 2.0.2
2025-09-10 19:01:08,108 [INFO] ThirdParty:967 - CMSIS Pack Vendor :wolfSSL I-CUBE-wolfSSL 5.8.2
2025-09-10 19:01:08,108 [INFO] ThirdParty:967 - CMSIS Pack Vendor :STMicroelectronics X-CUBE-BLE1 7.1.0
2025-09-10 19:01:08,108 [INFO] ThirdParty:967 - CMSIS Pack Vendor :wolfSSL I-CUBE-wolfMQTT 1.19.2
2025-09-10 19:01:08,108 [INFO] ThirdParty:967 - CMSIS Pack Vendor :STMicroelectronics USB_DEVICE 3.0.0
2025-09-10 19:01:08,108 [INFO] ThirdParty:967 - CMSIS Pack Vendor :STMicroelectronics X-CUBE-ISPU 2.1.0
2025-09-10 19:01:08,108 [INFO] ThirdParty:967 - CMSIS Pack Vendor :STMicroelectronics X-CUBE-EEPRMA1 5.2.0
2025-09-10 19:01:08,108 [INFO] ThirdParty:967 - CMSIS Pack Vendor :STMicroelectronics X-CUBE-AZRTOS-WB 2.0.0
2025-09-10 19:01:08,108 [INFO] ThirdParty:967 - CMSIS Pack Vendor :STMicroelectronics X-CUBE-GNSS1 7.0.1
2025-09-10 19:01:08,108 [INFO] ThirdParty:967 - CMSIS Pack Vendor :STMicroelectronics X-CUBE-NFC12 1.0.0
2025-09-10 19:01:08,108 [INFO] ThirdParty:967 - CMSIS Pack Vendor :STMicroelectronics X-CUBE-AZRTOS-F7 1.1.0
2025-09-10 19:01:08,109 [INFO] ThirdParty:967 - CMSIS Pack Vendor :STMicroelectronics X-CUBE-AZRTOS-L5 2.0.0
2025-09-10 19:01:08,109 [INFO] ThirdParty:967 - CMSIS Pack Vendor :STMicroelectronics X-CUBE-TOUCHGFX 4.25.0
2025-09-10 19:01:08,109 [INFO] ThirdParty:967 - CMSIS Pack Vendor :STMicroelectronics USB_DEVICE 2.0.0
2025-09-10 19:01:08,109 [INFO] ThirdParty:967 - CMSIS Pack Vendor :STMicroelectronics X-CUBE-NFC6 3.1.0
2025-09-10 19:01:08,109 [INFO] ThirdParty:967 - CMSIS Pack Vendor :STMicroelectronics FreeRTOS 0.0.1
2025-09-10 19:01:08,109 [INFO] ThirdParty:967 - CMSIS Pack Vendor :STMicroelectronics X-CUBE-AZRTOS-G0 1.1.0
2025-09-10 19:01:08,109 [INFO] ThirdParty:967 - CMSIS Pack Vendor :STMicroelectronics X-CUBE-SAFEA1 1.2.2
2025-09-10 19:01:08,109 [INFO] ThirdParty:967 - CMSIS Pack Vendor :STMicroelectronics X-CUBE-NFC4 3.0.0
2025-09-10 19:01:08,109 [INFO] ThirdParty:967 - CMSIS Pack Vendor :STMicroelectronics X-CUBE-SUBG2 5.0.0
2025-09-10 19:01:08,109 [INFO] ThirdParty:967 - CMSIS Pack Vendor :STMicroelectronics X-CUBE-AZRTOS-H7RS 1.1.0
2025-09-10 19:01:08,109 [INFO] ThirdParty:967 - CMSIS Pack Vendor :STMicroelectronics lwIP 2.0.3
2025-09-10 19:01:08,109 [INFO] ThirdParty:967 - CMSIS Pack Vendor :STMicroelectronics USB_HOST 1.0.0
2025-09-10 19:01:08,109 [INFO] ThirdParty:967 - CMSIS Pack Vendor :STMicroelectronics X-CUBE-AZRTOS-G4 2.0.0
2025-09-10 19:01:08,109 [INFO] ThirdParty:967 - CMSIS Pack Vendor :STMicroelectronics X-CUBE-WB05N 2.0.0
2025-09-10 19:01:08,110 [INFO] ThirdParty:967 - CMSIS Pack Vendor :STMicroelectronics PDM2PCM 3.1.0
2025-09-10 19:01:08,110 [INFO] ThirdParty:967 - CMSIS Pack Vendor :STMicroelectronics PDM2PCM 3.3.0
2025-09-10 19:01:08,110 [INFO] ThirdParty:967 - CMSIS Pack Vendor :wolfSSL I-CUBE-wolfTPM 3.8.0
2025-09-10 19:01:08,110 [INFO] ThirdParty:967 - CMSIS Pack Vendor :STMicroelectronics X-CUBE-AZRTOS-H7 3.4.0
2025-09-10 19:01:08,110 [INFO] ThirdParty:967 - CMSIS Pack Vendor :wolfSSL I-CUBE-wolfSSH 1.4.20
2025-09-10 19:01:08,110 [INFO] ThirdParty:967 - CMSIS Pack Vendor :STMicroelectronics X-CUBE-NFC7 2.0.0
2025-09-10 19:01:08,110 [INFO] ThirdParty:967 - CMSIS Pack Vendor :STMicroelectronics FP-ATR-SIGFOX1 3.2.0
2025-09-10 19:01:08,110 [INFO] ThirdParty:967 - CMSIS Pack Vendor :STMicroelectronics X-CUBE-NFC10 1.0.0
2025-09-10 19:01:08,110 [INFO] ThirdParty:967 - CMSIS Pack Vendor :STMicroelectronics HAL Drivers 0.0.0
2025-09-10 19:01:08,110 [INFO] ThirdParty:967 - CMSIS Pack Vendor :STMicroelectronics MBEDTLS 2.16.2
2025-09-10 19:01:08,110 [INFO] ThirdParty:967 - CMSIS Pack Vendor :STMicroelectronics MBEDTLS 2.14.1
2025-09-10 19:01:08,110 [INFO] ThirdParty:967 - CMSIS Pack Vendor :STMicroelectronics X-CUBE-STSE01 1.0.0
2025-09-10 19:01:08,110 [INFO] ThirdParty:967 - CMSIS Pack Vendor :portGmbH I-Cube-SoM-uGOAL 1.1.0
2025-09-10 19:01:08,110 [INFO] ThirdParty:967 - CMSIS Pack Vendor :STMicroelectronics X-CUBE-AI 10.2.0
2025-09-10 19:01:08,111 [INFO] ThirdParty:967 - CMSIS Pack Vendor :STMicroelectronics X-CUBE-AZRTOS-WL 2.0.0
2025-09-10 19:01:08,111 [INFO] ThirdParty:967 - CMSIS Pack Vendor :SEGGER I-CUBE-embOS 1.3.1
2025-09-10 19:01:08,111 [INFO] ThirdParty:967 - CMSIS Pack Vendor :STMicroelectronics X-CUBE-ALGOBUILD 1.4.0
2025-09-10 19:01:08,111 [INFO] ThirdParty:967 - CMSIS Pack Vendor :STMicroelectronics X-CUBE-MEMS1 11.3.0
2025-09-10 19:01:08,111 [INFO] ThirdParty:967 - CMSIS Pack Vendor :STMicroelectronics USB_DEVICE 1.0.0
2025-09-10 19:01:08,111 [INFO] ThirdParty:967 - CMSIS Pack Vendor :STMicroelectronics X-CUBE-AZRTOS-L4 2.0.0
2025-09-10 19:01:08,111 [INFO] ThirdParty:967 - CMSIS Pack Vendor :STMicroelectronics ThreadX 0.0.2
2025-09-10 19:01:08,111 [INFO] ThirdParty:967 - CMSIS Pack Vendor :STMicroelectronics lwIP 2.1.2
2025-09-10 19:01:08,111 [INFO] ThirdParty:967 - CMSIS Pack Vendor :STMicroelectronics X-CUBE-SFXS2LP1 4.0.0
2025-09-10 19:01:08,111 [INFO] ThirdParty:967 - CMSIS Pack Vendor :STMicroelectronics X-CUBE-BLE2 3.3.0
2025-09-10 19:01:08,111 [INFO] ThirdParty:967 - CMSIS Pack Vendor :STMicroelectronics PDM2PCM 3.2.0
2025-09-10 19:01:08,111 [INFO] ThirdParty:787 - exiting critical section [change project]
2025-09-10 19:01:08,457 [INFO] PinOutPanel:1463 - setPackage(No Configuration,No Configuration)
2025-09-10 19:01:08,459 [INFO] PinOutPanel:1463 - setPackage(STM32F103C6Ux,UFQFPN48)
2025-09-10 19:01:09,138 [INFO] UtilMem:74 - Before build in PCC Used Memory: 835850880 Bytes (1073741824)
2025-09-10 19:01:10,491 [INFO] UtilMem:74 - After build in PCC Used Memory: 915016320 Bytes (1073741824)
2025-09-10 19:01:10,558 [INFO] IPUIPlugin:74 - create IPUIPlugin
2025-09-10 19:01:10,559 [INFO] IPUIPlugin:74 - create IPUIPlugin
2025-09-10 19:01:10,559 [INFO] IPUIPlugin:74 - create IPUIPlugin
2025-09-10 19:01:10,559 [INFO] IPUIPlugin:74 - create IPUIPlugin
2025-09-10 19:01:10,560 [INFO] IPUIPlugin:74 - create IPUIPlugin
2025-09-10 19:01:10,560 [INFO] IPUIPlugin:74 - create IPUIPlugin
2025-09-10 19:01:10,560 [INFO] IPUIPlugin:74 - create IPUIPlugin
2025-09-10 19:01:10,561 [INFO] IPUIPlugin:74 - create IPUIPlugin
2025-09-10 19:01:10,561 [INFO] IPUIPlugin:74 - create IPUIPlugin
2025-09-10 19:01:10,562 [INFO] IPUIPlugin:74 - create IPUIPlugin
2025-09-10 19:01:10,563 [INFO] IPUIPlugin:74 - create IPUIPlugin
2025-09-10 19:01:10,571 [INFO] IPUIPlugin:74 - create IPUIPlugin
2025-09-10 19:01:10,572 [INFO] IPUIPlugin:74 - create IPUIPlugin
2025-09-10 19:01:10,573 [INFO] IPUIPlugin:74 - create IPUIPlugin
2025-09-10 19:01:10,574 [INFO] IPUIPlugin:74 - create IPUIPlugin
2025-09-10 19:01:10,575 [INFO] IPUIPlugin:74 - create IPUIPlugin
2025-09-10 19:01:10,576 [INFO] IPUIPlugin:74 - create IPUIPlugin
2025-09-10 19:01:10,577 [INFO] IPUIPlugin:74 - create IPUIPlugin
2025-09-10 19:01:10,578 [INFO] IPUIPlugin:74 - create IPUIPlugin
2025-09-10 19:01:10,579 [INFO] IPUIPlugin:74 - create IPUIPlugin
2025-09-10 19:01:10,580 [INFO] IPUIPlugin:74 - create IPUIPlugin
2025-09-10 19:01:10,580 [INFO] IPUIPlugin:74 - create IPUIPlugin
2025-09-10 19:01:10,589 [INFO] IPUIPlugin:74 - create IPUIPlugin
2025-09-10 19:01:10,837 [INFO] OpenFileManager:333 - Restore cursor
2025-09-10 19:01:11,335 [INFO] UtilMem:74 - End SaveConfig() Used Memory: 865644712 Bytes (1073741824)
2025-09-10 19:01:11,525 [INFO] UtilMem:74 - End SaveConfig() Used Memory: 880324776 Bytes (1073741824)
2025-09-10 19:01:12,350 [INFO] BlockDiagram:2740 - set Specific Code input for plugin: NVIC
2025-09-10 19:01:12,350 [INFO] BlockDiagram:2740 - set Specific Code input for plugin: SYS
2025-09-10 19:01:12,350 [INFO] BlockDiagram:2740 - set Specific Code input for plugin: RCC
2025-09-10 19:01:12,351 [INFO] CodeGenerator:663 - code generatio: config db path: C:\ST\STM32CubeIDE_1.7.0\STM32CubeIDE\plugins\com.st.stm32cube.common.mx_6.3.0.202107141111\\db\
2025-09-10 19:01:13,020 [INFO] CodeEngine:239 - oldGeneratedFile, D:\destiny\Microprocessor_Lab\lab2\Lab2_ex1\Lab2_ex1\MXTmpFiles\license.tmp_save
2025-09-10 19:01:13,901 [INFO] CodeEngine:257 - Generated code: D:\destiny\Microprocessor_Lab\lab2\Lab2_ex1\Lab2_ex1\MXTmpFiles\license.tmp
2025-09-10 19:01:14,256 [INFO] CodeEngine:239 - oldGeneratedFile, D:\destiny\Microprocessor_Lab\lab2\Lab2_ex1\Lab2_ex1\Core\Src\stm32f1xx_it.c_save
2025-09-10 19:01:14,605 [INFO] CodeEngine:257 - Generated code: D:\destiny\Microprocessor_Lab\lab2\Lab2_ex1\Lab2_ex1\Core\Src\stm32f1xx_it.c
2025-09-10 19:01:14,624 [INFO] CodeEngine:239 - oldGeneratedFile, D:\destiny\Microprocessor_Lab\lab2\Lab2_ex1\Lab2_ex1\Core\Inc\stm32f1xx_it.h_save
2025-09-10 19:01:14,804 [INFO] CodeEngine:257 - Generated code: D:\destiny\Microprocessor_Lab\lab2\Lab2_ex1\Lab2_ex1\Core\Inc\stm32f1xx_it.h
2025-09-10 19:01:14,844 [INFO] CodeEngine:239 - oldGeneratedFile, D:\destiny\Microprocessor_Lab\lab2\Lab2_ex1\Lab2_ex1\Core\Src\stm32f1xx_hal_msp.c_save
2025-09-10 19:01:15,110 [INFO] CodeEngine:257 - Generated code: D:\destiny\Microprocessor_Lab\lab2\Lab2_ex1\Lab2_ex1\Core\Src\stm32f1xx_hal_msp.c
2025-09-10 19:01:15,131 [INFO] CodeEngine:239 - oldGeneratedFile, D:\destiny\Microprocessor_Lab\lab2\Lab2_ex1\Lab2_ex1\MXTmpFiles\system.tmp_save
2025-09-10 19:01:15,286 [INFO] CodeEngine:257 - Generated code: D:\destiny\Microprocessor_Lab\lab2\Lab2_ex1\Lab2_ex1\MXTmpFiles\system.tmp
2025-09-10 19:01:15,318 [INFO] CodeEngine:239 - oldGeneratedFile, D:\destiny\Microprocessor_Lab\lab2\Lab2_ex1\Lab2_ex1\Core\Inc\stm32f1xx_hal_conf.h_save
2025-09-10 19:01:15,529 [INFO] CodeEngine:257 - Generated code: D:\destiny\Microprocessor_Lab\lab2\Lab2_ex1\Lab2_ex1\Core\Inc\stm32f1xx_hal_conf.h
2025-09-10 19:01:15,634 [INFO] CodeEngine:239 - oldGeneratedFile, D:\destiny\Microprocessor_Lab\lab2\Lab2_ex1\Lab2_ex1\Core\Inc\main.h_save
2025-09-10 19:01:15,814 [INFO] CodeEngine:257 - Generated code: D:\destiny\Microprocessor_Lab\lab2\Lab2_ex1\Lab2_ex1\Core\Inc\main.h
2025-09-10 19:01:15,833 [INFO] CodeEngine:239 - oldGeneratedFile, D:\destiny\Microprocessor_Lab\lab2\Lab2_ex1\Lab2_ex1\Core\Src\main.c_save
2025-09-10 19:01:16,069 [INFO] CodeEngine:257 - Generated code: D:\destiny\Microprocessor_Lab\lab2\Lab2_ex1\Lab2_ex1\Core\Src\main.c
2025-09-10 19:01:18,626 [INFO] ProjectBuilder:2578 - Time for Copy HAL[1] : 145mS.
2025-09-10 19:01:18,632 [INFO] ProjectBuilder:3622 - Project Generator version: 3.14.1
2025-09-10 19:01:19,621 [INFO] ConfigFileManager:1271 - The Die is : DIE412
2025-09-10 19:01:19,677 [INFO] ApiDbMcu:468 - Load IP Config File for FATFS
2025-09-10 19:01:19,743 [INFO] ApiDbMcu:468 - Load IP Config File for FREERTOS
2025-09-10 19:01:19,804 [INFO] ApiDbMcu:468 - Load IP Config File for USB_DEVICE
2025-09-10 19:01:31,196 [INFO] ProjectBuilder:3789 - Time for Generating toolchain IDE Files: 12564mS.
2025-09-10 19:01:31,197 [INFO] ProjectBuilder:2457 - Time for Copy CMSIS : 0mS.
2025-09-10 19:01:31,199 [INFO] ProjectBuilder:2457 - Time for Copy CMSIS : 0mS.
2025-09-10 19:01:32,925 [INFO] McuFinderGlobals:52 - Set McuFinderConnectedMode to true
2025-09-10 19:01:32,927 [INFO] ApiDb:276 - Save user favorites file C:\Users\hi/.stm32cubeide/favorites.mcus.txt: 0 item(s)
2025-09-10 19:01:32,928 [INFO] ApiDb:280 - User favorites MCUs=[]
2025-09-11 10:31:14,865 [INFO] Activator:177 - 


2025-09-11 10:31:14,881 [INFO] Activator:178 - !SESSION log4j initialized
2025-09-11 11:26:32,599 [INFO] McuFinderGlobals:39 - Set McuFinder mode to 2 (CubeIDE integrated)
2025-09-11 11:26:33,021 [INFO] ApplicationProperties:181 - Using Application install path: C:\ST\STM32CubeIDE_1.7.0\STM32CubeIDE\plugins\com.st.stm32cube.common.mx_6.3.0.202107141111
2025-09-11 11:26:33,036 [INFO] DbMcusXml:74 - Set database path to: C:\ST\STM32CubeIDE_1.7.0\STM32CubeIDE\plugins\com.st.stm32cube.common.mx_6.3.0.202107141111\\db\/mcu/
2025-09-11 11:26:33,052 [INFO] DbBoardsPdsc:56 - Set plugin database path to: C:\ST\STM32CubeIDE_1.7.0\STM32CubeIDE\plugins\com.st.stm32cube.common.mx_6.3.0.202107141111\\db\/plugins/boardmanager/
2025-09-11 11:26:33,052 [INFO] DbMcus:258 - Set plugin images path to: C:\ST\STM32CubeIDE_1.7.0\STM32CubeIDE\plugins\com.st.stm32cube.common.mx_6.3.0.202107141111\\db\/plugins/mcufinder/images/
2025-09-11 11:26:33,052 [INFO] DbBoards:264 - Set plugin images path to: C:\ST\STM32CubeIDE_1.7.0\STM32CubeIDE\plugins\com.st.stm32cube.common.mx_6.3.0.202107141111\\db\/plugins/mcufinder/images/
2025-09-11 11:26:33,068 [INFO] DbExamples:333 - Set plugin images path to: C:\ST\STM32CubeIDE_1.7.0\STM32CubeIDE\plugins\com.st.stm32cube.common.mx_6.3.0.202107141111\\db\/plugins/mcufinder/images/
2025-09-11 11:26:33,083 [INFO] DbMcusAds:119 - Set database path to: C:\Users\hi\.stmcufinder\plugins\mcufinder//mcu/
2025-09-11 11:26:33,083 [INFO] DbMcusDocs:110 - Set database path to: C:\Users\hi\.stmcufinder\plugins\mcufinder//mcu/
2025-09-11 11:26:33,083 [INFO] DbMcusJson:64 - Set database path to: C:\Users\hi\.stmcufinder\plugins\mcufinder//mcu/
2025-09-11 11:26:33,083 [INFO] DbBoardsDocs:110 - Set database path to: C:\Users\hi\.stmcufinder\plugins\mcufinder//mcu/
2025-09-11 11:26:33,083 [INFO] DbBoardsJson:57 - Set database path to: C:\Users\hi\.stmcufinder\plugins\mcufinder//mcu/
2025-09-11 11:26:33,099 [INFO] CrossReferenceDbSqlite:196 - Set database path to: C:\Users\hi\.stmcufinder\plugins\mcufinder//mcu/cs/
2025-09-11 11:26:33,099 [INFO] DbExamplesSqlite:767 - Set database path to: C:\Users\hi\.stmcufinder\plugins\mcufinder//mcu/
2025-09-11 11:26:33,396 [INFO] RulesReader:57 - Compatibility file has been processed (242 Rules)
2025-09-11 11:26:33,692 [INFO] DbMcusXml:74 - Set database path to: C:\ST\STM32CubeIDE_1.7.0\STM32CubeIDE\plugins\com.st.stm32cube.common.mx_6.3.0.202107141111\\db\/mcu/
2025-09-11 11:26:33,708 [INFO] DbBoardsPdsc:56 - Set plugin database path to: C:\ST\STM32CubeIDE_1.7.0\STM32CubeIDE\plugins\com.st.stm32cube.common.mx_6.3.0.202107141111\\db\/plugins/boardmanager/
2025-09-11 11:26:33,708 [INFO] DbMcus:258 - Set plugin images path to: C:\ST\STM32CubeIDE_1.7.0\STM32CubeIDE\plugins\com.st.stm32cube.common.mx_6.3.0.202107141111\\db\/plugins/mcufinder/images/
2025-09-11 11:26:33,708 [INFO] DbBoards:264 - Set plugin images path to: C:\ST\STM32CubeIDE_1.7.0\STM32CubeIDE\plugins\com.st.stm32cube.common.mx_6.3.0.202107141111\\db\/plugins/mcufinder/images/
2025-09-11 11:26:33,708 [INFO] DbExamples:333 - Set plugin images path to: C:\ST\STM32CubeIDE_1.7.0\STM32CubeIDE\plugins\com.st.stm32cube.common.mx_6.3.0.202107141111\\db\/plugins/mcufinder/images/
2025-09-11 11:26:33,708 [WARN] DbFile:35 - Overriding database path with different value: C:\Users\hi\.stmcufinder\plugins\mcufinder/ => C:\Users\hi\.stmcufinder\plugins\mcufinder
2025-09-11 11:26:33,708 [INFO] DbMcusAds:119 - Set database path to: C:\Users\hi\.stmcufinder\plugins\mcufinder//mcu/
2025-09-11 11:26:33,708 [WARN] DbFile:35 - Overriding database path with different value: C:\Users\hi\.stmcufinder\plugins\mcufinder/ => C:\Users\hi\.stmcufinder\plugins\mcufinder
2025-09-11 11:26:33,708 [INFO] DbMcusDocs:110 - Set database path to: C:\Users\hi\.stmcufinder\plugins\mcufinder//mcu/
2025-09-11 11:26:33,708 [WARN] DbFile:35 - Overriding database path with different value: C:\Users\hi\.stmcufinder\plugins\mcufinder/ => C:\Users\hi\.stmcufinder\plugins\mcufinder
2025-09-11 11:26:33,708 [INFO] DbMcusJson:64 - Set database path to: C:\Users\hi\.stmcufinder\plugins\mcufinder//mcu/
2025-09-11 11:26:33,708 [WARN] DbFile:35 - Overriding database path with different value: C:\Users\hi\.stmcufinder\plugins\mcufinder/ => C:\Users\hi\.stmcufinder\plugins\mcufinder
2025-09-11 11:26:33,708 [INFO] DbBoardsDocs:110 - Set database path to: C:\Users\hi\.stmcufinder\plugins\mcufinder//mcu/
2025-09-11 11:26:33,724 [WARN] DbFile:35 - Overriding database path with different value: C:\Users\hi\.stmcufinder\plugins\mcufinder/ => C:\Users\hi\.stmcufinder\plugins\mcufinder
2025-09-11 11:26:33,724 [INFO] DbBoardsJson:57 - Set database path to: C:\Users\hi\.stmcufinder\plugins\mcufinder//mcu/
2025-09-11 11:26:33,724 [WARN] DbFile:35 - Overriding database path with different value: C:\Users\hi\.stmcufinder\plugins\mcufinder/ => C:\Users\hi\.stmcufinder\plugins\mcufinder
2025-09-11 11:26:33,724 [WARN] DbFile:35 - Overriding database path with different value: C:\Users\hi\.stmcufinder\plugins\mcufinder/ => C:\Users\hi\.stmcufinder\plugins\mcufinder
2025-09-11 11:26:33,724 [INFO] CrossReferenceDbSqlite:196 - Set database path to: C:\Users\hi\.stmcufinder\plugins\mcufinder//mcu/cs/
2025-09-11 11:26:33,724 [WARN] DbFile:35 - Overriding database path with different value: C:\Users\hi\.stmcufinder\plugins\mcufinder/ => C:\Users\hi\.stmcufinder\plugins\mcufinder
2025-09-11 11:26:33,724 [INFO] DbExamplesSqlite:767 - Set database path to: C:\Users\hi\.stmcufinder\plugins\mcufinder//mcu/
2025-09-11 11:26:33,927 [INFO] MainPanel:214 - HeapMemory: 917504000
2025-09-11 11:26:34,099 [INFO] DbMcusXml:74 - Set database path to: C:\ST\STM32CubeIDE_1.7.0\STM32CubeIDE\plugins\com.st.stm32cube.common.mx_6.3.0.202107141111\\db\/mcu/
2025-09-11 11:26:34,099 [INFO] DbBoardsPdsc:56 - Set plugin database path to: C:\ST\STM32CubeIDE_1.7.0\STM32CubeIDE\plugins\com.st.stm32cube.common.mx_6.3.0.202107141111\\db\/plugins/boardmanager/
2025-09-11 11:26:34,099 [INFO] DbMcus:258 - Set plugin images path to: C:\ST\STM32CubeIDE_1.7.0\STM32CubeIDE\plugins\com.st.stm32cube.common.mx_6.3.0.202107141111\\db\/plugins/mcufinder/images/
2025-09-11 11:26:34,099 [INFO] DbBoards:264 - Set plugin images path to: C:\ST\STM32CubeIDE_1.7.0\STM32CubeIDE\plugins\com.st.stm32cube.common.mx_6.3.0.202107141111\\db\/plugins/mcufinder/images/
2025-09-11 11:26:34,099 [INFO] DbExamples:333 - Set plugin images path to: C:\ST\STM32CubeIDE_1.7.0\STM32CubeIDE\plugins\com.st.stm32cube.common.mx_6.3.0.202107141111\\db\/plugins/mcufinder/images/
2025-09-11 11:26:34,114 [WARN] DbFile:35 - Overriding database path with different value: C:\Users\hi\.stmcufinder\plugins\mcufinder/ => C:\Users\hi\.stmcufinder\plugins\mcufinder
2025-09-11 11:26:34,114 [INFO] DbMcusAds:119 - Set database path to: C:\Users\hi\.stmcufinder\plugins\mcufinder//mcu/
2025-09-11 11:26:34,114 [WARN] DbFile:35 - Overriding database path with different value: C:\Users\hi\.stmcufinder\plugins\mcufinder/ => C:\Users\hi\.stmcufinder\plugins\mcufinder
2025-09-11 11:26:34,114 [INFO] DbMcusDocs:110 - Set database path to: C:\Users\hi\.stmcufinder\plugins\mcufinder//mcu/
2025-09-11 11:26:34,114 [WARN] DbFile:35 - Overriding database path with different value: C:\Users\hi\.stmcufinder\plugins\mcufinder/ => C:\Users\hi\.stmcufinder\plugins\mcufinder
2025-09-11 11:26:34,114 [INFO] DbMcusJson:64 - Set database path to: C:\Users\hi\.stmcufinder\plugins\mcufinder//mcu/
2025-09-11 11:26:34,114 [WARN] DbFile:35 - Overriding database path with different value: C:\Users\hi\.stmcufinder\plugins\mcufinder/ => C:\Users\hi\.stmcufinder\plugins\mcufinder
2025-09-11 11:26:34,114 [INFO] DbBoardsDocs:110 - Set database path to: C:\Users\hi\.stmcufinder\plugins\mcufinder//mcu/
2025-09-11 11:26:34,114 [WARN] DbFile:35 - Overriding database path with different value: C:\Users\hi\.stmcufinder\plugins\mcufinder/ => C:\Users\hi\.stmcufinder\plugins\mcufinder
2025-09-11 11:26:34,114 [INFO] DbBoardsJson:57 - Set database path to: C:\Users\hi\.stmcufinder\plugins\mcufinder//mcu/
2025-09-11 11:26:34,114 [WARN] DbFile:35 - Overriding database path with different value: C:\Users\hi\.stmcufinder\plugins\mcufinder/ => C:\Users\hi\.stmcufinder\plugins\mcufinder
2025-09-11 11:26:34,114 [WARN] DbFile:35 - Overriding database path with different value: C:\Users\hi\.stmcufinder\plugins\mcufinder/ => C:\Users\hi\.stmcufinder\plugins\mcufinder
2025-09-11 11:26:34,114 [INFO] CrossReferenceDbSqlite:196 - Set database path to: C:\Users\hi\.stmcufinder\plugins\mcufinder//mcu/cs/
2025-09-11 11:26:34,114 [WARN] DbFile:35 - Overriding database path with different value: C:\Users\hi\.stmcufinder\plugins\mcufinder/ => C:\Users\hi\.stmcufinder\plugins\mcufinder
2025-09-11 11:26:34,114 [INFO] DbExamplesSqlite:767 - Set database path to: C:\Users\hi\.stmcufinder\plugins\mcufinder//mcu/
2025-09-11 11:26:34,161 [INFO] ApplicationProperties:181 - Using Application install path: C:\ST\STM32CubeIDE_1.7.0\STM32CubeIDE\plugins\com.st.stm32cube.common.mx_6.3.0.202107141111
2025-09-11 11:26:34,161 [INFO] PluginManage:188 - Search for loadable plugins [exclusion list=, ]
2025-09-11 11:26:34,177 [INFO] PluginManage:302 - Check plugin analytics
2025-09-11 11:26:39,453 [INFO] AnalyticsPlugin:257 - Accepted Software Licenses: 
2025-09-11 11:26:39,453 [INFO] AnalyticsPlugin:259 - Accepted CMSIS Pack Licenses: 
2025-09-11 11:26:39,453 [INFO] AnalyticsPlugin:261 - Accepted Firmware Licenses: 
2025-09-11 11:26:39,453 [INFO] PluginManage:352 - Loaded plugin analytics (category:tool,tabindex:-1)
2025-09-11 11:26:39,453 [INFO] PluginManage:302 - Check plugin clock
2025-09-11 11:26:39,563 [INFO] PluginManage:352 - Loaded plugin clock (category:base,tabindex:2)
2025-09-11 11:26:39,563 [INFO] PluginManage:302 - Check plugin ddr
2025-09-11 11:26:39,563 [INFO] PluginManage:352 - Loaded plugin ddr (category:tool,tabindex:6)
2025-09-11 11:26:39,563 [INFO] PluginManage:302 - Check plugin filemanager
2025-09-11 11:26:39,922 [INFO] PluginManage:352 - Loaded plugin filemanager (category:base,tabindex:10)
2025-09-11 11:26:39,922 [INFO] PluginManage:302 - Check plugin ipmanager
2025-09-11 11:26:39,938 [INFO] PluginManage:352 - Loaded plugin ipmanager (category:base,tabindex:5)
2025-09-11 11:26:39,938 [INFO] PluginManage:302 - Check plugin pinoutandconfiguration
2025-09-11 11:26:39,985 [INFO] PluginManage:352 - Loaded plugin pinoutandconfiguration (category:base,tabindex:1)
2025-09-11 11:26:39,985 [INFO] PluginManage:302 - Check plugin pinoutconfig
2025-09-11 11:26:40,078 [INFO] PluginManage:352 - Loaded plugin pinoutconfig (category:base,tabindex:0)
2025-09-11 11:26:40,078 [INFO] PluginManage:302 - Check plugin power
2025-09-11 11:26:40,156 [INFO] PluginManage:352 - Loaded plugin power (category:power,tabindex:4)
2025-09-11 11:26:40,156 [INFO] PluginManage:302 - Check plugin projectmanager
2025-09-11 11:26:40,219 [INFO] PluginManage:352 - Loaded plugin projectmanager (category:projectmanager,tabindex:3)
2025-09-11 11:26:40,219 [INFO] PluginManage:302 - Check plugin thirdparty
2025-09-11 11:26:40,939 [WARN] IntegrityCheckThread:78 - waiting for thirdparty lock release [integrity check]
2025-09-11 11:26:40,939 [INFO] IntegrityCheckThread:80 - entering critical section [integrity check]
2025-09-11 11:26:40,939 [INFO] PluginManage:352 - Loaded plugin thirdparty (category:base,tabindex:-1)
2025-09-11 11:26:40,939 [INFO] ThirdPartyUpdaterWithRetryManager:66 - Updater plugin not ready yet. [1/15]
2025-09-11 11:26:40,939 [INFO] PluginManage:302 - Check plugin tools
2025-09-11 11:26:41,095 [INFO] PluginManage:352 - Loaded plugin tools (category:base,tabindex:7)
2025-09-11 11:26:41,095 [INFO] PluginManage:302 - Check plugin tutovideos
2025-09-11 11:26:42,329 [INFO] PluginManage:352 - Loaded plugin tutovideos (category:base,tabindex:-1)
2025-09-11 11:26:42,329 [INFO] PluginManage:302 - Check plugin updater
2025-09-11 11:26:42,376 [INFO] PluginManage:352 - Loaded plugin updater (category:base,tabindex:12)
2025-09-11 11:26:42,376 [INFO] PluginManage:275 - PluginManage : Loaded plugins [13]
2025-09-11 11:26:43,282 [INFO] PinOutPanel:1463 - setPackage(No Configuration,No Configuration)
2025-09-11 11:26:43,891 [INFO] IPUIPlugin:74 - create IPUIPlugin
2025-09-11 11:26:43,891 [INFO] PluginManager:213 - loadIPPluginJar : add adc
2025-09-11 11:26:43,969 [INFO] ThirdPartyUpdaterWithRetryManager:66 - Updater plugin not ready yet. [2/15]
2025-09-11 11:26:44,141 [INFO] IPUIPlugin:74 - create IPUIPlugin
2025-09-11 11:26:44,141 [INFO] PluginManager:213 - loadIPPluginJar : add aes
2025-09-11 11:26:44,405 [INFO] IPUIPlugin:74 - create IPUIPlugin
2025-09-11 11:26:44,405 [INFO] PluginManager:213 - loadIPPluginJar : add can
2025-09-11 11:26:44,622 [INFO] IPUIPlugin:74 - create IPUIPlugin
2025-09-11 11:26:44,622 [INFO] PluginManager:213 - loadIPPluginJar : add comp
2025-09-11 11:26:44,809 [INFO] IPUIPlugin:74 - create IPUIPlugin
2025-09-11 11:26:44,809 [INFO] PluginManager:213 - loadIPPluginJar : add cryp
2025-09-11 11:26:45,059 [INFO] IPUIPlugin:74 - create IPUIPlugin
2025-09-11 11:26:45,059 [INFO] PluginManager:213 - loadIPPluginJar : add dfsdm
2025-09-11 11:26:45,122 [INFO] IPUIPlugin:74 - create IPUIPlugin
2025-09-11 11:26:45,122 [INFO] PluginManager:213 - loadIPPluginJar : add dma
2025-09-11 11:26:45,403 [INFO] IPUIPlugin:74 - create IPUIPlugin
2025-09-11 11:26:45,403 [INFO] PluginManager:213 - loadIPPluginJar : add dma3
2025-09-11 11:26:45,565 [INFO] IPUIPlugin:74 - create IPUIPlugin
2025-09-11 11:26:45,565 [INFO] PluginManager:213 - loadIPPluginJar : add fatfs
2025-09-11 11:26:45,948 [INFO] IPUIPlugin:74 - create IPUIPlugin
2025-09-11 11:26:45,948 [INFO] PluginManager:213 - loadIPPluginJar : add fmc
2025-09-11 11:26:46,026 [INFO] IPUIPlugin:74 - create IPUIPlugin
2025-09-11 11:26:46,026 [INFO] PluginManager:213 - loadIPPluginJar : add freertos
2025-09-11 11:26:46,260 [INFO] IPUIPlugin:74 - create IPUIPlugin
2025-09-11 11:26:46,260 [INFO] PluginManager:213 - loadIPPluginJar : add genericplugin
2025-09-11 11:26:46,729 [INFO] IPUIPlugin:74 - create IPUIPlugin
2025-09-11 11:26:46,729 [INFO] PluginManager:213 - loadIPPluginJar : add gfxmmu
2025-09-11 11:26:46,973 [INFO] ThirdPartyUpdaterWithRetryManager:66 - Updater plugin not ready yet. [3/15]
2025-09-11 11:26:47,482 [INFO] IPUIPlugin:74 - create IPUIPlugin
2025-09-11 11:26:47,498 [INFO] PluginManager:213 - loadIPPluginJar : add gic
2025-09-11 11:26:47,575 [INFO] IPUIPlugin:74 - create IPUIPlugin
2025-09-11 11:26:47,575 [INFO] PluginManager:213 - loadIPPluginJar : add gpio
2025-09-11 11:26:48,013 [INFO] IPUIPlugin:74 - create IPUIPlugin
2025-09-11 11:26:48,013 [INFO] PluginManager:213 - loadIPPluginJar : add gtzc
2025-09-11 11:26:48,198 [INFO] IPUIPlugin:74 - create IPUIPlugin
2025-09-11 11:26:48,198 [INFO] PluginManager:213 - loadIPPluginJar : add hash
2025-09-11 11:26:48,416 [INFO] IPUIPlugin:74 - create IPUIPlugin
2025-09-11 11:26:48,416 [INFO] PluginManager:213 - loadIPPluginJar : add i2c
2025-09-11 11:26:48,547 [INFO] IPUIPlugin:74 - create IPUIPlugin
2025-09-11 11:26:48,547 [INFO] PluginManager:213 - loadIPPluginJar : add i2s
2025-09-11 11:26:48,578 [INFO] IPUIPlugin:74 - create IPUIPlugin
2025-09-11 11:26:48,578 [INFO] PluginManager:213 - loadIPPluginJar : add ipddr
2025-09-11 11:26:48,782 [INFO] IPUIPlugin:74 - create IPUIPlugin
2025-09-11 11:26:48,782 [INFO] PluginManager:213 - loadIPPluginJar : add linkedlist
2025-09-11 11:26:48,985 [INFO] IPUIPlugin:74 - create IPUIPlugin
2025-09-11 11:26:48,985 [INFO] PluginManager:213 - loadIPPluginJar : add lorawan
2025-09-11 11:26:49,125 [INFO] IPUIPlugin:74 - create IPUIPlugin
2025-09-11 11:26:49,125 [INFO] PluginManager:213 - loadIPPluginJar : add ltdc
2025-09-11 11:26:49,141 [INFO] IPUIPlugin:74 - create IPUIPlugin
2025-09-11 11:26:49,156 [INFO] PluginManager:213 - loadIPPluginJar : add mdma
2025-09-11 11:26:49,188 [INFO] IPUIPlugin:74 - create IPUIPlugin
2025-09-11 11:26:49,188 [INFO] PluginManager:213 - loadIPPluginJar : add nvic
2025-09-11 11:26:49,313 [INFO] IPUIPlugin:74 - create IPUIPlugin
2025-09-11 11:26:49,313 [INFO] PluginManager:213 - loadIPPluginJar : add opamp
2025-09-11 11:26:49,453 [INFO] IPUIPlugin:74 - create IPUIPlugin
2025-09-11 11:26:49,453 [INFO] PluginManager:213 - loadIPPluginJar : add openamp
2025-09-11 11:26:49,594 [INFO] IPUIPlugin:74 - create IPUIPlugin
2025-09-11 11:26:49,594 [INFO] PluginManager:213 - loadIPPluginJar : add pdm2pcm
2025-09-11 11:26:49,641 [INFO] IPUIPlugin:74 - create IPUIPlugin
2025-09-11 11:26:49,656 [INFO] PluginManager:213 - loadIPPluginJar : add plateformsettings
2025-09-11 11:26:49,750 [INFO] IPUIPlugin:74 - create IPUIPlugin
2025-09-11 11:26:49,750 [INFO] PluginManager:213 - loadIPPluginJar : add quadspi
2025-09-11 11:26:49,781 [INFO] IPUIPlugin:74 - create IPUIPlugin
2025-09-11 11:26:49,781 [INFO] PluginManager:213 - loadIPPluginJar : add resmgrutility
2025-09-11 11:26:49,938 [INFO] IPUIPlugin:74 - create IPUIPlugin
2025-09-11 11:26:49,938 [INFO] PluginManager:213 - loadIPPluginJar : add sai
2025-09-11 11:26:49,984 [INFO] ThirdPartyUpdaterWithRetryManager:66 - Updater plugin not ready yet. [4/15]
2025-09-11 11:26:50,094 [INFO] IPUIPlugin:74 - create IPUIPlugin
2025-09-11 11:26:50,094 [INFO] PluginManager:213 - loadIPPluginJar : add spi
2025-09-11 11:26:50,234 [INFO] IPUIPlugin:74 - create IPUIPlugin
2025-09-11 11:26:50,234 [INFO] PluginManager:213 - loadIPPluginJar : add stm32_wpan
2025-09-11 11:26:50,328 [INFO] IPUIPlugin:74 - create IPUIPlugin
2025-09-11 11:26:50,328 [INFO] PluginManager:213 - loadIPPluginJar : add tim
2025-09-11 11:26:50,484 [INFO] IPUIPlugin:74 - create IPUIPlugin
2025-09-11 11:26:50,484 [INFO] PluginManager:213 - loadIPPluginJar : add touchsensing
2025-09-11 11:26:50,578 [INFO] IPUIPlugin:74 - create IPUIPlugin
2025-09-11 11:26:50,578 [INFO] PluginManager:213 - loadIPPluginJar : add tracer_emb
2025-09-11 11:26:50,672 [INFO] IPUIPlugin:74 - create IPUIPlugin
2025-09-11 11:26:50,672 [INFO] PluginManager:213 - loadIPPluginJar : add ts
2025-09-11 11:26:50,781 [INFO] IPUIPlugin:74 - create IPUIPlugin
2025-09-11 11:26:50,781 [INFO] PluginManager:213 - loadIPPluginJar : add tsc
2025-09-11 11:26:50,875 [INFO] IPUIPlugin:74 - create IPUIPlugin
2025-09-11 11:26:50,875 [INFO] PluginManager:213 - loadIPPluginJar : add ucpd
2025-09-11 11:26:51,015 [INFO] IPUIPlugin:74 - create IPUIPlugin
2025-09-11 11:26:51,015 [INFO] PluginManager:213 - loadIPPluginJar : add usart
2025-09-11 11:26:51,156 [INFO] IPUIPlugin:74 - create IPUIPlugin
2025-09-11 11:26:51,156 [INFO] PluginManager:213 - loadIPPluginJar : add usbx
2025-09-11 11:26:51,869 [FATAL] Updater:294 - Updater called before beeing initialized
2025-09-11 11:26:52,228 [FATAL] Updater:294 - Updater called before beeing initialized
2025-09-11 11:26:52,260 [INFO] DbMcusAds:47 - JSON generation date=Tue Jul 08 15:14:23 ICT 2025 (1751962463582)
2025-09-11 11:26:52,260 [FATAL] Updater:294 - Updater called before beeing initialized
2025-09-11 11:26:52,353 [WARN] DetailPanel:314 - Failed to get advertising image, set to default
2025-09-11 11:26:52,588 [FATAL] Updater:294 - Updater called before beeing initialized
2025-09-11 11:26:52,603 [FATAL] Updater:294 - Updater called before beeing initialized
2025-09-11 11:26:52,603 [FATAL] Updater:294 - Updater called before beeing initialized
2025-09-11 11:26:52,603 [WARN] DetailPanel:314 - Failed to get advertising image, set to default
2025-09-11 11:26:52,603 [FATAL] Updater:294 - Updater called before beeing initialized
2025-09-11 11:26:52,806 [ERROR] Updater:1075 - MainUpdater not yet initialized. External WinMGr cannot be set.
2025-09-11 11:26:52,838 [INFO] Updater:1012 - Updater Version found : 6.3.0
2025-09-11 11:26:52,869 [INFO] ApplicationProperties:181 - Using Application install path: C:\ST\STM32CubeIDE_1.7.0\STM32CubeIDE\plugins\com.st.stm32cube.common.mx_6.3.0.202107141111
2025-09-11 11:26:52,994 [INFO] ThirdPartyUpdaterWithRetryManager:66 - Updater plugin not ready yet. [5/15]
2025-09-11 11:26:53,322 [INFO] MainUpdater:2671 - connection check result : 10
2025-09-11 11:26:53,322 [INFO] MainUpdater:265 - Updater Check For Update Now.
2025-09-11 11:26:53,322 [INFO] MicroXplorer:478 - Change Database Version : DB.6.0.30
2025-09-11 11:26:54,056 [INFO] CheckServerUpdateThread:112 - End of CheckServer Thread
2025-09-11 11:26:54,072 [INFO] MainUpdater:2671 - connection check result : 10
2025-09-11 11:26:54,072 [INFO] MainUpdater:2671 - connection check result : 10
2025-09-11 11:26:54,759 [INFO] MicroXplorer:448 - Change Database Path : 
2025-09-11 11:26:54,759 [INFO] MicroXplorer:478 - Change Database Version : DB.6.0.30
2025-09-11 11:26:54,759 [WARN] ThirdParty:813 - waiting for thirdparty lock release [close project]
2025-09-11 11:26:56,761 [ERROR] Engine:463 - C:\Users\hi\.stm32cubemx\thirdparties\pdsc\STMicroelectronics.FP-SNS-MOTENVWB1.1.4.0.pdsc: PDSC version is not supported
2025-09-11 11:26:56,949 [WARN] PackLoader:238 - Cannot read IP mode file for STMicroelectronics.FP-ATR-ASTRA1.2.0.2
2025-09-11 11:26:57,042 [ERROR] Engine:463 - C:\Users\hi\.stm32cubemx\thirdparties\pdsc\STMicroelectronics.X-CUBE-SMBUS.2.1.0.pdsc: PDSC version is not supported
2025-09-11 11:26:57,120 [ERROR] Engine:463 - C:\Users\hi\.stm32cubemx\thirdparties\pdsc\STMicroelectronics.X-CUBE-ST60.1.0.0.pdsc: PDSC version is not supported
2025-09-11 11:26:57,386 [WARN] PackLoader:238 - Cannot read IP mode file for STMicroelectronics.X-CUBE-AZRTOS-F7.1.1.0
2025-09-11 11:26:57,527 [ERROR] Engine:463 - C:\Users\hi\.stm32cubemx\thirdparties\pdsc\WES.I-CUBE-Cesium.1.4.0.pdsc: PDSC version is not supported
2025-09-11 11:26:57,620 [ERROR] Engine:463 - C:\Users\hi\.stm32cubemx\thirdparties\pdsc\Infineon.AIROC-Wi-Fi-Bluetooth-STM32.1.7.1.pdsc: PDSC version is not supported
2025-09-11 11:26:57,902 [WARN] PackLoader:238 - Cannot read IP mode file for STMicroelectronics.X-CUBE-AZRTOS-H7.3.4.0
2025-09-11 11:26:57,980 [ERROR] Engine:463 - C:\Users\hi\.stm32cubemx\thirdparties\pdsc\STMicroelectronics.X-CUBE-DISPLAY.3.0.0.pdsc: PDSC version is not supported
2025-09-11 11:26:58,120 [WARN] PackLoader:238 - Cannot read IP mode file for STMicroelectronics.X-CUBE-NFC10.1.0.0
2025-09-11 11:26:58,230 [ERROR] Engine:463 - C:\Users\hi\.stm32cubemx\thirdparties\pdsc\emotas.I-CUBE-CANOPEN.1.3.0.pdsc: PDSC version is not supported
2025-09-11 11:26:58,292 [ERROR] Engine:463 - C:\Users\hi\.stm32cubemx\thirdparties\pdsc\STMicroelectronics.FP-SNS-STBOX1.2.1.0.pdsc: PDSC version is not supported
2025-09-11 11:26:58,339 [ERROR] Engine:463 - C:\Users\hi\.stm32cubemx\thirdparties\pdsc\STMicroelectronics.FP-SNS-SMARTAG2.1.2.0.pdsc: PDSC version is not supported
2025-09-11 11:26:58,401 [ERROR] Engine:463 - C:\Users\hi\.stm32cubemx\thirdparties\pdsc\STMicroelectronics.FP-SNS-FLIGHT1.5.1.0.pdsc: PDSC version is not supported
2025-09-11 11:26:58,495 [INFO] LogOutputStream:76 - [STDOUT_REDIRECT] 1 : Invalid condition id : UX_CORESTACK_Condition cause : null
2025-09-11 11:26:58,495 [INFO] LogOutputStream:76 - [STDOUT_REDIRECT] 1 : Invalid condition id : UX_CORESTACK_Condition cause : null
2025-09-11 11:26:58,495 [INFO] LogOutputStream:76 - [STDOUT_REDIRECT] 1 : Invalid condition id : UX_CORESTACK_Condition cause : null
2025-09-11 11:26:58,495 [INFO] LogOutputStream:76 - [STDOUT_REDIRECT] 1 : Invalid condition id : UX_CORESTACK_Condition cause : null
2025-09-11 11:26:58,495 [INFO] LogOutputStream:76 - [STDOUT_REDIRECT] 1 : Invalid condition id : UX_CORESTACK_Condition cause : null
2025-09-11 11:26:58,511 [WARN] PackLoader:238 - Cannot read IP mode file for STMicroelectronics.X-CUBE-AZRTOS-WL.2.0.0
2025-09-11 11:26:58,573 [ERROR] Engine:463 - C:\Users\hi\.stm32cubemx\thirdparties\pdsc\STMicroelectronics.FP-SNS-MOTENV1.5.0.0.pdsc: PDSC version is not supported
2025-09-11 11:26:58,651 [WARN] PackLoader:238 - Cannot read IP mode file for STMicroelectronics.X-CUBE-BLE2.3.3.0
2025-09-11 11:26:58,745 [WARN] PackLoader:238 - Cannot read IP mode file for STMicroelectronics.X-CUBE-NFC9.1.0.0
2025-09-11 11:26:58,808 [WARN] PackLoader:238 - Cannot read IP mode file for wolfSSL.I-CUBE-wolfSSL.5.8.2
2025-09-11 11:26:58,870 [WARN] PackLoader:238 - Cannot read IP mode file for STMicroelectronics.X-CUBE-BLE1.7.1.0
2025-09-11 11:26:58,933 [WARN] PackLoader:238 - Cannot read IP mode file for wolfSSL.I-CUBE-wolfMQTT.1.19.2
2025-09-11 11:26:59,011 [WARN] PackLoader:238 - Cannot read IP mode file for STMicroelectronics.X-CUBE-EEPRMA1.5.2.0
2025-09-11 11:26:59,151 [WARN] PackLoader:238 - Cannot read IP mode file for STMicroelectronics.X-CUBE-AZRTOS-G0.1.1.0
2025-09-11 11:26:59,276 [WARN] PackLoader:238 - Cannot read IP mode file for STMicroelectronics.X-CUBE-SAFEA1.1.2.2
2025-09-11 11:26:59,370 [WARN] PackLoader:238 - Cannot read IP mode file for STMicroelectronics.X-CUBE-NFC4.3.0.0
2025-09-11 11:26:59,432 [ERROR] Engine:463 - C:\Users\hi\.stm32cubemx\thirdparties\pdsc\EmbeddedOffice.I-CUBE-FS-RTOS.1.0.1.pdsc: PDSC version is not supported
2025-09-11 11:26:59,511 [WARN] PackLoader:238 - Cannot read IP mode file for STMicroelectronics.X-CUBE-WB05N.2.0.0
2025-09-11 11:26:59,573 [WARN] PackLoader:238 - Cannot read IP mode file for wolfSSL.I-CUBE-wolfTPM.3.8.0
2025-09-11 11:26:59,635 [ERROR] Engine:463 - C:\Users\hi\.stm32cubemx\thirdparties\pdsc\STMicroelectronics.X-CUBE-TCPP.4.2.0.pdsc: PDSC version is not supported
2025-09-11 11:26:59,698 [ERROR] Engine:463 - C:\Users\hi\.stm32cubemx\thirdparties\pdsc\RealThread.X-CUBE-RT-Thread_Nano.4.1.1.pdsc: PDSC version is not supported
2025-09-11 11:26:59,760 [WARN] PackLoader:238 - Cannot read IP mode file for STMicroelectronics.FP-ATR-SIGFOX1.3.2.0
2025-09-11 11:26:59,807 [ERROR] Engine:463 - C:\Users\hi\.stm32cubemx\thirdparties\pdsc\ITTIA_DB.I-CUBE-ITTIADB.8.9.0.pdsc: PDSC version is not supported
2025-09-11 11:26:59,885 [ERROR] Engine:463 - C:\Users\hi\.stm32cubemx\thirdparties\pdsc\STMicroelectronics.X-CUBE-ST67W61.1.0.0.pdsc: PDSC version is not supported
2025-09-11 11:26:59,948 [WARN] PackLoader:238 - Cannot read IP mode file for STMicroelectronics.X-CUBE-AI.10.2.0
2025-09-11 11:27:00,229 [WARN] PackLoader:238 - Cannot read IP mode file for SEGGER.I-CUBE-embOS.1.3.1
2025-09-11 11:27:00,592 [WARN] PackLoader:238 - Cannot read IP mode file for STMicroelectronics.X-CUBE-ALGOBUILD.1.4.0
2025-09-11 11:27:00,956 [WARN] PackLoader:238 - Cannot read IP mode file for STMicroelectronics.X-CUBE-MEMS1.11.3.0
2025-09-11 11:27:02,168 [WARN] PackLoader:238 - Cannot read IP mode file for STMicroelectronics.X-CUBE-PM33A1.1.0.0
2025-09-11 11:27:02,371 [WARN] PackLoader:238 - Cannot read IP mode file for STMicroelectronics.X-CUBE-AZRTOS-F4.1.1.0
2025-09-11 11:27:02,434 [ERROR] Engine:463 - C:\Users\hi\.stm32cubemx\thirdparties\pdsc\Avnet-IotConnect.X-CUBE-IoTC-DA16k-PMOD.1.0.0.pdsc: PDSC version is not supported
2025-09-11 11:27:02,496 [WARN] PackLoader:238 - Cannot read IP mode file for STMicroelectronics.X-CUBE-ISPU.2.1.0
2025-09-11 11:27:02,574 [WARN] PackLoader:238 - Cannot read IP mode file for STMicroelectronics.X-CUBE-NFC12.1.0.0
2025-09-11 11:27:02,699 [WARN] PackLoader:238 - Cannot read IP mode file for STMicroelectronics.X-CUBE-AZRTOS-L5.2.0.0
2025-09-11 11:27:02,793 [WARN] PackLoader:238 - Cannot read IP mode file for STMicroelectronics.X-CUBE-NFC6.3.1.0
2025-09-11 11:27:02,840 [ERROR] Engine:463 - C:\Users\hi\.stm32cubemx\thirdparties\pdsc\STMicroelectronics.X-CUBE-FREERTOS.1.3.1.pdsc: PDSC version is not supported
2025-09-11 11:27:02,902 [ERROR] Engine:463 - C:\Users\hi\.stm32cubemx\thirdparties\pdsc\STMicroelectronics.FP-SNS-STAIOTCFT.1.0.0.pdsc: PDSC version is not supported
2025-09-11 11:27:02,965 [ERROR] Engine:463 - C:\Users\hi\.stm32cubemx\thirdparties\pdsc\STMicroelectronics.X-CUBE-DPower.1.3.0.pdsc: PDSC version is not supported
2025-09-11 11:27:03,121 [WARN] ConditionMgr:437 - getConditionDescription Invalid condition id : LAN8742 Phy interface Condition cause : null
2025-09-11 11:27:03,121 [WARN] PackLoader:238 - Cannot read IP mode file for STMicroelectronics.X-CUBE-AZRTOS-L4.2.0.0
2025-09-11 11:27:03,121 [WARN] ConditionMgr:1038 - genDependencies : Invalid condition id : LAN8742 Phy interface Condition cause : null
2025-09-11 11:27:03,137 [WARN] ConditionMgr:1038 - genDependencies : Invalid condition id : LAN8742 Phy interface Condition cause : null
2025-09-11 11:27:03,137 [WARN] ConditionMgr:1038 - genDependencies : Invalid condition id : LAN8742 Phy interface Condition cause : null
2025-09-11 11:27:03,215 [WARN] PackLoader:238 - Cannot read IP mode file for STMicroelectronics.X-CUBE-SFXS2LP1.4.0.0
2025-09-11 11:27:03,277 [ERROR] Engine:463 - C:\Users\hi\.stm32cubemx\thirdparties\pdsc\STMicroelectronics.X-CUBE-BLEMGR.4.1.0.pdsc: PDSC version is not supported
2025-09-11 11:27:03,418 [WARN] ConditionMgr:437 - getConditionDescription Invalid condition id : UX DEVICE CLASS RTOS Condition cause : null
2025-09-11 11:27:03,418 [WARN] ConditionMgr:437 - getConditionDescription Invalid condition id : UX DEVICE CLASS RTOS Condition cause : null
2025-09-11 11:27:03,418 [WARN] PackLoader:238 - Cannot read IP mode file for STMicroelectronics.X-CUBE-AZRTOS-WB.2.0.0
2025-09-11 11:27:03,418 [WARN] ConditionMgr:1038 - genDependencies : Invalid condition id : UX DEVICE CLASS RTOS Condition cause : null
2025-09-11 11:27:03,418 [WARN] ConditionMgr:1038 - genDependencies : Invalid condition id : UX DEVICE CLASS RTOS Condition cause : null
2025-09-11 11:27:03,418 [WARN] ConditionMgr:1038 - genDependencies : Invalid condition id : UX DEVICE CLASS RTOS Condition cause : null
2025-09-11 11:27:03,418 [WARN] ConditionMgr:1038 - genDependencies : Invalid condition id : UX DEVICE CLASS RTOS Condition cause : null
2025-09-11 11:27:03,418 [WARN] ConditionMgr:1038 - genDependencies : Invalid condition id : UX DEVICE CLASS RTOS Condition cause : null
2025-09-11 11:27:03,496 [WARN] PackLoader:238 - Cannot read IP mode file for STMicroelectronics.X-CUBE-GNSS1.7.0.1
2025-09-11 11:27:03,574 [WARN] PackLoader:238 - Cannot read IP mode file for STMicroelectronics.X-CUBE-TOUCHGFX.4.25.0
2025-09-11 11:27:03,621 [ERROR] Engine:463 - C:\Users\hi\.stm32cubemx\thirdparties\pdsc\quantropi.X-CUBE-qispace-sdk-base.2.1.0.pdsc: PDSC version is not supported
2025-09-11 11:27:03,730 [WARN] PackLoader:238 - Cannot read IP mode file for STMicroelectronics.X-CUBE-SUBG2.5.0.0
2025-09-11 11:27:03,949 [WARN] PackLoader:238 - Cannot read IP mode file for STMicroelectronics.X-CUBE-AZRTOS-H7RS.1.1.0
2025-09-11 11:27:04,027 [ERROR] Engine:463 - C:\Users\hi\.stm32cubemx\thirdparties\pdsc\Cesanta.I-CUBE-Mongoose.7.13.0.pdsc: PDSC version is not supported
2025-09-11 11:27:04,168 [WARN] PackLoader:238 - Cannot read IP mode file for STMicroelectronics.X-CUBE-AZRTOS-G4.2.0.0
2025-09-11 11:27:04,230 [WARN] PackLoader:238 - Cannot read IP mode file for wolfSSL.I-CUBE-wolfSSH.1.4.20
2025-09-11 11:27:04,293 [WARN] PackLoader:238 - Cannot read IP mode file for STMicroelectronics.X-CUBE-NFC7.2.0.0
2025-09-11 11:27:04,371 [ERROR] Engine:463 - C:\Users\hi\.stm32cubemx\thirdparties\pdsc\STMicroelectronics.X-CUBE-IPS.3.1.0.pdsc: PDSC version is not supported
2025-09-11 11:27:04,418 [ERROR] Engine:463 - C:\Users\hi\.stm32cubemx\thirdparties\pdsc\STMicroelectronics.X-CUBE-ALS.1.0.2.pdsc: PDSC version is not supported
2025-09-11 11:27:04,496 [WARN] PackLoader:238 - Cannot read IP mode file for STMicroelectronics.X-CUBE-STSE01.1.0.0
2025-09-11 11:27:04,558 [WARN] PackLoader:238 - Cannot read IP mode file for portGmbH.I-Cube-SoM-uGOAL.1.1.0
2025-09-11 11:27:04,589 [ERROR] Engine:463 - C:\Users\hi\.stm32cubemx\thirdparties\pdsc\STMicroelectronics.X-CUBE-TOF1.3.4.3.pdsc: PDSC version is not supported
2025-09-11 11:27:04,589 [INFO] ThirdParty:915 - Integrity check success = true
2025-09-11 11:27:04,589 [INFO] IntegrityCheckThread:94 - exiting critical section [integrity check]
2025-09-11 11:27:04,589 [INFO] IntegrityCheckThread:97 - End integrity checks thread
2025-09-11 11:27:04,589 [INFO] ThirdParty:815 - entering critical section [close project]
2025-09-11 11:27:04,605 [INFO] ThirdParty:825 - exiting critical section [close project]
2025-09-11 11:27:04,605 [INFO] PinOutPanel:1463 - setPackage(No Configuration,No Configuration)
2025-09-11 11:27:04,621 [INFO] UtilMem:74 - Begin LoadConfig() Used Memory: 871254536 Bytes (917504000)
2025-09-11 11:27:04,621 [INFO] MicroXplorer:448 - Change Database Path : 
2025-09-11 11:27:04,621 [INFO] MicroXplorer:478 - Change Database Version : DB.6.0.30
2025-09-11 11:27:04,621 [INFO] OpenFileManager:313 - Change cursor
2025-09-11 11:27:19,720 [INFO] Context:592 - Trying to add GPIOservice into a context  which must be forbidden
2025-09-11 11:27:39,633 [WARN] ApiManager:304 - Cannot register API 'Board Extension:PM33A1' from pack STMicroelectronics.X-CUBE-PM33A1.1.0.0: no header file found
2025-09-11 11:27:39,709 [WARN] ApiManager:304 - Cannot register API 'Board Extension:NFC09A1' from pack STMicroelectronics.X-CUBE-NFC9.1.0.0: no header file found
2025-09-11 11:27:39,867 [WARN] ApiManager:304 - Cannot register API 'Wireless:BlueNRG-MS' from pack STMicroelectronics.X-CUBE-BLE1.7.1.0: no header file found
2025-09-11 11:27:39,902 [WARN] ApiManager:304 - Cannot register API 'Board Extension:EEPRMA2' from pack STMicroelectronics.X-CUBE-EEPRMA1.5.2.0: no header file found
2025-09-11 11:27:39,902 [WARN] ApiManager:304 - Cannot register API 'Board Extension:PGEEZ1' from pack STMicroelectronics.X-CUBE-EEPRMA1.5.2.0: no header file found
2025-09-11 11:27:39,903 [WARN] ApiManager:304 - Cannot register API 'Board Extension:EEICA1' from pack STMicroelectronics.X-CUBE-EEPRMA1.5.2.0: no header file found
2025-09-11 11:27:39,903 [WARN] ApiManager:304 - Cannot register API 'Board Part:M24' from pack STMicroelectronics.X-CUBE-EEPRMA1.5.2.0: no header file found
2025-09-11 11:27:39,903 [WARN] ApiManager:304 - Cannot register API 'Board Part:M95' from pack STMicroelectronics.X-CUBE-EEPRMA1.5.2.0: no header file found
2025-09-11 11:27:39,903 [WARN] ApiManager:304 - Cannot register API 'Board Part:M95P32' from pack STMicroelectronics.X-CUBE-EEPRMA1.5.2.0: no header file found
2025-09-11 11:27:39,903 [WARN] ApiManager:304 - Cannot register API 'Board Part:M24256E-F' from pack STMicroelectronics.X-CUBE-EEPRMA1.5.2.0: no header file found
2025-09-11 11:27:39,904 [WARN] ApiManager:304 - Cannot register API 'Board Part:M24M01E-F' from pack STMicroelectronics.X-CUBE-EEPRMA1.5.2.0: no header file found
2025-09-11 11:27:39,904 [WARN] ApiManager:304 - Cannot register API 'PGEEZ1:SPI' from pack STMicroelectronics.X-CUBE-EEPRMA1.5.2.0: no header file found
2025-09-11 11:27:39,904 [WARN] ApiManager:304 - Cannot register API 'PGEEZ1:QDSPI' from pack STMicroelectronics.X-CUBE-EEPRMA1.5.2.0: no header file found
2025-09-11 11:27:39,958 [WARN] ApiManager:304 - Cannot register API 'Board Extension:GNSS1A1' from pack STMicroelectronics.X-CUBE-GNSS1.7.0.1: no header file found
2025-09-11 11:27:39,965 [WARN] ApiManager:304 - Cannot register API 'Board Support:Custom' from pack STMicroelectronics.X-CUBE-GNSS1.7.0.1: no header file found
2025-09-11 11:27:39,966 [WARN] ApiManager:304 - Cannot register API 'Data Exchange:lib_gnss' from pack STMicroelectronics.X-CUBE-GNSS1.7.0.1: no header file found
2025-09-11 11:27:39,989 [WARN] ApiManager:304 - Cannot register API 'Board Extension:NFC12A1' from pack STMicroelectronics.X-CUBE-NFC12.1.0.0: no header file found
2025-09-11 11:27:40,159 [WARN] ApiManager:304 - Cannot register API 'Board Extension:NFC06A1' from pack STMicroelectronics.X-CUBE-NFC6.3.1.0: no header file found
2025-09-11 11:27:40,160 [WARN] ApiManager:304 - Cannot register API 'Board Extension:NFC08A1' from pack STMicroelectronics.X-CUBE-NFC6.3.1.0: no header file found
2025-09-11 11:27:40,173 [INFO] RtosManager:484 - Registered RTOS mode: class=CMSIS, group=RTOS, mode=CMSIS_V1, owner=FREERTOS
2025-09-11 11:27:40,186 [INFO] RtosManager:484 - Registered RTOS mode: class=CMSIS, group=RTOS2, mode=CMSIS_V2, owner=FREERTOS
2025-09-11 11:27:40,189 [INFO] RtosManager:484 - Registered RTOS mode: class=RTOS, group=Core, mode=CMSIS_V1, owner=FREERTOS
2025-09-11 11:27:40,190 [INFO] RtosManager:484 - Registered RTOS mode: class=RTOS, group=Core, mode=CMSIS_V2, owner=FREERTOS
2025-09-11 11:27:40,191 [WARN] ModelIntegratedComponent:181 - Missing modes for component STMicroelectronics:FreeRTOS:0.0.1:STMicroelectronics:RTOS:FreeRTOS:Core:::10.2.0:
2025-09-11 11:27:40,349 [WARN] ApiManager:304 - Cannot register API 'Board Extension:STSAFEA1' from pack STMicroelectronics.X-CUBE-SAFEA1.1.2.2: no header file found
2025-09-11 11:27:40,371 [WARN] ApiManager:304 - Cannot register API 'Board Part:STSAFEA110' from pack STMicroelectronics.X-CUBE-SAFEA1.1.2.2: no header file found
2025-09-11 11:27:40,375 [WARN] ApiManager:304 - Cannot register API 'Security:ST_Cryptolib' from pack STMicroelectronics.X-CUBE-SAFEA1.1.2.2: no header file found
2025-09-11 11:27:40,375 [WARN] ApiManager:304 - Cannot register API 'Security:MbedTLS' from pack STMicroelectronics.X-CUBE-SAFEA1.1.2.2: no header file found
2025-09-11 11:27:40,505 [WARN] ApiManager:304 - Cannot register API 'Board Extension:NFC04A1' from pack STMicroelectronics.X-CUBE-NFC4.3.0.0: no header file found
2025-09-11 11:27:40,618 [WARN] ApiManager:304 - Cannot register API 'Board Extension:S2868A1' from pack STMicroelectronics.X-CUBE-SUBG2.5.0.0: no header file found
2025-09-11 11:27:40,619 [WARN] ApiManager:304 - Cannot register API 'Board Extension:S2868A2' from pack STMicroelectronics.X-CUBE-SUBG2.5.0.0: no header file found
2025-09-11 11:27:40,620 [WARN] ApiManager:304 - Cannot register API 'Board Extension:S2915A1' from pack STMicroelectronics.X-CUBE-SUBG2.5.0.0: no header file found
2025-09-11 11:27:40,903 [WARN] ApiManager:304 - Cannot register API 'Wireless:STM32WB05N' from pack STMicroelectronics.X-CUBE-WB05N.2.0.0: no header file found
2025-09-11 11:27:41,007 [WARN] ApiManager:304 - Cannot register API 'Board Extension:NFC07A1' from pack STMicroelectronics.X-CUBE-NFC7.2.0.0: no header file found
2025-09-11 11:27:41,069 [WARN] ApiManager:304 - Cannot register API 'Board Extension:NFC10A1' from pack STMicroelectronics.X-CUBE-NFC10.1.0.0: no header file found
2025-09-11 11:27:41,098 [WARN] ModelIntegratedComponent:60 - No mode defined for component null
2025-09-11 11:27:41,100 [WARN] ModelIntegratedComponent:60 - No mode defined for component null
2025-09-11 11:27:41,104 [WARN] ModelIntegratedComponent:60 - No mode defined for component null
2025-09-11 11:27:41,105 [WARN] ModelIntegratedComponent:60 - No mode defined for component null
2025-09-11 11:27:41,105 [WARN] ModelIntegratedComponent:60 - No mode defined for component null
2025-09-11 11:27:41,105 [WARN] ModelIntegratedComponent:60 - No mode defined for component null
2025-09-11 11:27:41,105 [WARN] ModelIntegratedComponent:60 - No mode defined for component null
2025-09-11 11:27:41,105 [WARN] ModelIntegratedComponent:60 - No mode defined for component null
2025-09-11 11:27:41,106 [WARN] ModelIntegratedComponent:60 - No mode defined for component null
2025-09-11 11:27:41,107 [WARN] ModelIntegratedComponent:60 - No mode defined for component null
2025-09-11 11:27:41,114 [WARN] ModelIntegratedComponent:60 - No mode defined for component null
2025-09-11 11:27:41,117 [WARN] ModelIntegratedComponent:60 - No mode defined for component null
2025-09-11 11:27:41,164 [WARN] ModelIntegratedComponent:60 - No mode defined for component null
2025-09-11 11:27:41,164 [WARN] ModelIntegratedComponent:60 - No mode defined for component null
2025-09-11 11:27:41,164 [WARN] ModelIntegratedComponent:60 - No mode defined for component null
2025-09-11 11:27:41,165 [WARN] ModelIntegratedComponent:60 - No mode defined for component null
2025-09-11 11:27:41,166 [WARN] ModelIntegratedComponent:60 - No mode defined for component null
2025-09-11 11:27:41,189 [WARN] ModelIntegratedComponent:60 - No mode defined for component null
2025-09-11 11:27:41,189 [WARN] ModelIntegratedComponent:60 - No mode defined for component null
2025-09-11 11:27:41,190 [WARN] ModelIntegratedComponent:60 - No mode defined for component null
2025-09-11 11:27:41,190 [WARN] ModelIntegratedComponent:60 - No mode defined for component null
2025-09-11 11:27:41,190 [WARN] ModelIntegratedComponent:60 - No mode defined for component null
2025-09-11 11:27:41,190 [WARN] ModelIntegratedComponent:60 - No mode defined for component null
2025-09-11 11:27:41,202 [WARN] ModelIntegratedComponent:60 - No mode defined for component null
2025-09-11 11:27:41,204 [WARN] ModelIntegratedComponent:60 - No mode defined for component null
2025-09-11 11:27:41,206 [WARN] ModelIntegratedComponent:60 - No mode defined for component null
2025-09-11 11:27:41,207 [WARN] ModelIntegratedComponent:60 - No mode defined for component null
2025-09-11 11:27:41,220 [WARN] ModelIntegratedComponent:60 - No mode defined for component null
2025-09-11 11:27:41,221 [WARN] ModelIntegratedComponent:60 - No mode defined for component null
2025-09-11 11:27:41,224 [WARN] ModelIntegratedComponent:60 - No mode defined for component null
2025-09-11 11:27:41,225 [WARN] ModelIntegratedComponent:60 - No mode defined for component null
2025-09-11 11:27:41,251 [WARN] ApiManager:304 - Cannot register API 'Board Extension:SAFEA1' from pack STMicroelectronics.X-CUBE-STSE01.1.0.0: no header file found
2025-09-11 11:27:41,252 [WARN] ApiManager:304 - Cannot register API 'Board Extension:ESE01A1' from pack STMicroelectronics.X-CUBE-STSE01.1.0.0: no header file found
2025-09-11 11:27:41,254 [WARN] ApiManager:304 - Cannot register API 'Board Part:STSAFEA110' from pack STMicroelectronics.X-CUBE-STSE01.1.0.0: no header file found
2025-09-11 11:27:41,256 [WARN] ApiManager:304 - Cannot register API 'Board Part:STSAFEA120' from pack STMicroelectronics.X-CUBE-STSE01.1.0.0: no header file found
2025-09-11 11:27:41,496 [WARN] ApiManager:304 - Cannot register API 'Security:STM32_Cryptographic' from pack STMicroelectronics.X-CUBE-STSE01.1.0.0: no header file found
2025-09-11 11:27:41,497 [WARN] ApiManager:304 - Cannot register API 'Security:STSELib' from pack STMicroelectronics.X-CUBE-STSE01.1.0.0: no header file found
2025-09-11 11:27:57,743 [WARN] ApiManager:304 - Cannot register API 'Board Extension:IKS01A3' from pack STMicroelectronics.X-CUBE-MEMS1.11.3.0: no header file found
2025-09-11 11:27:57,744 [WARN] ApiManager:304 - Cannot register API 'Board Extension:IKS02A1' from pack STMicroelectronics.X-CUBE-MEMS1.11.3.0: no header file found
2025-09-11 11:27:57,744 [WARN] ApiManager:304 - Cannot register API 'Board Extension:IKS4A1' from pack STMicroelectronics.X-CUBE-MEMS1.11.3.0: no header file found
2025-09-11 11:27:59,934 [WARN] ApiManager:304 - Cannot register API 'Board Extension:S2868A1' from pack STMicroelectronics.X-CUBE-SFXS2LP1.4.0.0: no header file found
2025-09-11 11:27:59,936 [WARN] ApiManager:304 - Cannot register API 'Board Extension:S2868A2' from pack STMicroelectronics.X-CUBE-SFXS2LP1.4.0.0: no header file found
2025-09-11 11:27:59,938 [WARN] ApiManager:304 - Cannot register API 'Board Extension:S2915A1' from pack STMicroelectronics.X-CUBE-SFXS2LP1.4.0.0: no header file found
2025-09-11 11:27:59,978 [WARN] ApiManager:304 - Cannot register API 'Wireless:BlueNRG-2' from pack STMicroelectronics.X-CUBE-BLE2.3.3.0: no header file found
2025-09-11 11:29:16,249 [INFO] UtilMem:74 - End LoadConfig() Used Memory: 838352896 Bytes (917504000)
2025-09-11 11:29:16,266 [INFO] DbMcusXml:100 - Load MCU database from C:\ST\STM32CubeIDE_1.7.0\STM32CubeIDE\plugins\com.st.stm32cube.common.mx_6.3.0.202107141111\\db\/mcu/families.xml
2025-09-11 11:29:22,168 [INFO] DbMcusJson:93 - JSON generation date=Tue Nov 16 23:17:54 ICT 2021 (1637079474)
2025-09-11 11:29:24,481 [INFO] DbMcus:175 - Found 1951 MCUs (1903 are supported by CubeMX, 1914 are visible in CubeMX)
2025-09-11 11:29:24,481 [INFO] ApiDb:251 - Load user favorites file C:\Users\hi/.stm32cubeide/favorites.mcus.txt: 0 item(s)
2025-09-11 11:29:24,481 [INFO] ApiDb:255 - User favorites MCUs=[]
2025-09-11 11:29:24,481 [INFO] DbMcus:187 - Set 0 / 0 favorites MCUs
2025-09-11 11:29:24,535 [WARN] ThirdParty:779 - waiting for thirdparty lock release [change project]
2025-09-11 11:29:24,535 [INFO] ThirdParty:781 - entering critical section [change project]
2025-09-11 11:29:24,535 [INFO] ThirdParty:967 - CMSIS Pack Vendor :STMicroelectronics X-CUBE-PM33A1 1.0.0
2025-09-11 11:29:24,535 [INFO] ThirdParty:967 - CMSIS Pack Vendor :STMicroelectronics X-CUBE-NFC9 1.0.0
2025-09-11 11:29:24,535 [INFO] ThirdParty:967 - CMSIS Pack Vendor :STMicroelectronics USB_HOST 2.0.0
2025-09-11 11:29:24,551 [INFO] ThirdParty:967 - CMSIS Pack Vendor :STMicroelectronics X-CUBE-AZRTOS-F4 1.1.0
2025-09-11 11:29:24,551 [INFO] ThirdParty:967 - CMSIS Pack Vendor :STMicroelectronics FP-ATR-ASTRA1 2.0.2
2025-09-11 11:29:24,551 [INFO] ThirdParty:967 - CMSIS Pack Vendor :wolfSSL I-CUBE-wolfSSL 5.8.2
2025-09-11 11:29:24,551 [INFO] ThirdParty:967 - CMSIS Pack Vendor :STMicroelectronics X-CUBE-BLE1 7.1.0
2025-09-11 11:29:24,551 [INFO] ThirdParty:967 - CMSIS Pack Vendor :wolfSSL I-CUBE-wolfMQTT 1.19.2
2025-09-11 11:29:24,551 [INFO] ThirdParty:967 - CMSIS Pack Vendor :STMicroelectronics USB_DEVICE 3.0.0
2025-09-11 11:29:24,551 [INFO] ThirdParty:967 - CMSIS Pack Vendor :STMicroelectronics X-CUBE-ISPU 2.1.0
2025-09-11 11:29:24,551 [INFO] ThirdParty:967 - CMSIS Pack Vendor :STMicroelectronics X-CUBE-EEPRMA1 5.2.0
2025-09-11 11:29:24,551 [INFO] ThirdParty:967 - CMSIS Pack Vendor :STMicroelectronics X-CUBE-AZRTOS-WB 2.0.0
2025-09-11 11:29:24,551 [INFO] ThirdParty:967 - CMSIS Pack Vendor :STMicroelectronics X-CUBE-GNSS1 7.0.1
2025-09-11 11:29:24,551 [INFO] ThirdParty:967 - CMSIS Pack Vendor :STMicroelectronics X-CUBE-NFC12 1.0.0
2025-09-11 11:29:24,551 [INFO] ThirdParty:967 - CMSIS Pack Vendor :STMicroelectronics X-CUBE-AZRTOS-F7 1.1.0
2025-09-11 11:29:24,551 [INFO] ThirdParty:967 - CMSIS Pack Vendor :STMicroelectronics X-CUBE-AZRTOS-L5 2.0.0
2025-09-11 11:29:24,551 [INFO] ThirdParty:967 - CMSIS Pack Vendor :STMicroelectronics X-CUBE-TOUCHGFX 4.25.0
2025-09-11 11:29:24,551 [INFO] ThirdParty:967 - CMSIS Pack Vendor :STMicroelectronics USB_DEVICE 2.0.0
2025-09-11 11:29:24,551 [INFO] ThirdParty:967 - CMSIS Pack Vendor :STMicroelectronics X-CUBE-NFC6 3.1.0
2025-09-11 11:29:24,551 [INFO] ThirdParty:967 - CMSIS Pack Vendor :STMicroelectronics FreeRTOS 0.0.1
2025-09-11 11:29:24,551 [INFO] ThirdParty:967 - CMSIS Pack Vendor :STMicroelectronics X-CUBE-AZRTOS-G0 1.1.0
2025-09-11 11:29:24,551 [INFO] ThirdParty:967 - CMSIS Pack Vendor :STMicroelectronics X-CUBE-SAFEA1 1.2.2
2025-09-11 11:29:24,551 [INFO] ThirdParty:967 - CMSIS Pack Vendor :STMicroelectronics X-CUBE-NFC4 3.0.0
2025-09-11 11:29:24,551 [INFO] ThirdParty:967 - CMSIS Pack Vendor :STMicroelectronics X-CUBE-SUBG2 5.0.0
2025-09-11 11:29:24,551 [INFO] ThirdParty:967 - CMSIS Pack Vendor :STMicroelectronics X-CUBE-AZRTOS-H7RS 1.1.0
2025-09-11 11:29:24,551 [INFO] ThirdParty:967 - CMSIS Pack Vendor :STMicroelectronics lwIP 2.0.3
2025-09-11 11:29:24,551 [INFO] ThirdParty:967 - CMSIS Pack Vendor :STMicroelectronics USB_HOST 1.0.0
2025-09-11 11:29:24,551 [INFO] ThirdParty:967 - CMSIS Pack Vendor :STMicroelectronics X-CUBE-AZRTOS-G4 2.0.0
2025-09-11 11:29:24,551 [INFO] ThirdParty:967 - CMSIS Pack Vendor :STMicroelectronics X-CUBE-WB05N 2.0.0
2025-09-11 11:29:24,551 [INFO] ThirdParty:967 - CMSIS Pack Vendor :STMicroelectronics PDM2PCM 3.1.0
2025-09-11 11:29:24,551 [INFO] ThirdParty:967 - CMSIS Pack Vendor :STMicroelectronics PDM2PCM 3.3.0
2025-09-11 11:29:24,551 [INFO] ThirdParty:967 - CMSIS Pack Vendor :wolfSSL I-CUBE-wolfTPM 3.8.0
2025-09-11 11:29:24,551 [INFO] ThirdParty:967 - CMSIS Pack Vendor :STMicroelectronics X-CUBE-AZRTOS-H7 3.4.0
2025-09-11 11:29:24,551 [INFO] ThirdParty:967 - CMSIS Pack Vendor :wolfSSL I-CUBE-wolfSSH 1.4.20
2025-09-11 11:29:24,551 [INFO] ThirdParty:967 - CMSIS Pack Vendor :STMicroelectronics X-CUBE-NFC7 2.0.0
2025-09-11 11:29:24,551 [INFO] ThirdParty:967 - CMSIS Pack Vendor :STMicroelectronics FP-ATR-SIGFOX1 3.2.0
2025-09-11 11:29:24,551 [INFO] ThirdParty:967 - CMSIS Pack Vendor :STMicroelectronics X-CUBE-NFC10 1.0.0
2025-09-11 11:29:24,551 [INFO] ThirdParty:967 - CMSIS Pack Vendor :STMicroelectronics HAL Drivers 0.0.0
2025-09-11 11:29:24,551 [INFO] ThirdParty:967 - CMSIS Pack Vendor :STMicroelectronics MBEDTLS 2.16.2
2025-09-11 11:29:24,551 [INFO] ThirdParty:967 - CMSIS Pack Vendor :STMicroelectronics MBEDTLS 2.14.1
2025-09-11 11:29:24,551 [INFO] ThirdParty:967 - CMSIS Pack Vendor :STMicroelectronics X-CUBE-STSE01 1.0.0
2025-09-11 11:29:24,551 [INFO] ThirdParty:967 - CMSIS Pack Vendor :portGmbH I-Cube-SoM-uGOAL 1.1.0
2025-09-11 11:29:24,551 [INFO] ThirdParty:967 - CMSIS Pack Vendor :STMicroelectronics X-CUBE-AI 10.2.0
2025-09-11 11:29:24,551 [INFO] ThirdParty:967 - CMSIS Pack Vendor :STMicroelectronics X-CUBE-AZRTOS-WL 2.0.0
2025-09-11 11:29:24,551 [INFO] ThirdParty:967 - CMSIS Pack Vendor :SEGGER I-CUBE-embOS 1.3.1
2025-09-11 11:29:24,551 [INFO] ThirdParty:967 - CMSIS Pack Vendor :STMicroelectronics X-CUBE-ALGOBUILD 1.4.0
2025-09-11 11:29:24,551 [INFO] ThirdParty:967 - CMSIS Pack Vendor :STMicroelectronics X-CUBE-MEMS1 11.3.0
2025-09-11 11:29:24,551 [INFO] ThirdParty:967 - CMSIS Pack Vendor :STMicroelectronics USB_DEVICE 1.0.0
2025-09-11 11:29:24,551 [INFO] ThirdParty:967 - CMSIS Pack Vendor :STMicroelectronics X-CUBE-AZRTOS-L4 2.0.0
2025-09-11 11:29:24,551 [INFO] ThirdParty:967 - CMSIS Pack Vendor :STMicroelectronics ThreadX 0.0.2
2025-09-11 11:29:24,551 [INFO] ThirdParty:967 - CMSIS Pack Vendor :STMicroelectronics lwIP 2.1.2
2025-09-11 11:29:24,551 [INFO] ThirdParty:967 - CMSIS Pack Vendor :STMicroelectronics X-CUBE-SFXS2LP1 4.0.0
2025-09-11 11:29:24,551 [INFO] ThirdParty:967 - CMSIS Pack Vendor :STMicroelectronics X-CUBE-BLE2 3.3.0
2025-09-11 11:29:24,551 [INFO] ThirdParty:967 - CMSIS Pack Vendor :STMicroelectronics PDM2PCM 3.2.0
2025-09-11 11:29:24,551 [INFO] ThirdParty:787 - exiting critical section [change project]
2025-09-11 11:29:26,092 [INFO] PinOutPanel:1463 - setPackage(No Configuration,No Configuration)
2025-09-11 11:29:26,092 [INFO] PinOutPanel:1463 - setPackage(STM32F103C6Ux,UFQFPN48)
2025-09-11 11:29:27,865 [INFO] UtilMem:74 - Before build in PCC Used Memory: 1045372728 Bytes (1073741824)
2025-09-11 11:29:32,028 [INFO] UtilMem:74 - After build in PCC Used Memory: 1010227552 Bytes (1073741824)
2025-09-11 11:29:32,106 [INFO] IPUIPlugin:74 - create IPUIPlugin
2025-09-11 11:29:32,106 [INFO] IPUIPlugin:74 - create IPUIPlugin
2025-09-11 11:29:32,106 [INFO] IPUIPlugin:74 - create IPUIPlugin
2025-09-11 11:29:32,106 [INFO] IPUIPlugin:74 - create IPUIPlugin
2025-09-11 11:29:32,106 [INFO] IPUIPlugin:74 - create IPUIPlugin
2025-09-11 11:29:32,106 [INFO] IPUIPlugin:74 - create IPUIPlugin
2025-09-11 11:29:32,106 [INFO] IPUIPlugin:74 - create IPUIPlugin
2025-09-11 11:29:32,106 [INFO] IPUIPlugin:74 - create IPUIPlugin
2025-09-11 11:29:32,106 [INFO] IPUIPlugin:74 - create IPUIPlugin
2025-09-11 11:29:32,106 [INFO] IPUIPlugin:74 - create IPUIPlugin
2025-09-11 11:29:32,106 [INFO] IPUIPlugin:74 - create IPUIPlugin
2025-09-11 11:29:32,106 [INFO] IPUIPlugin:74 - create IPUIPlugin
2025-09-11 11:29:32,106 [INFO] IPUIPlugin:74 - create IPUIPlugin
2025-09-11 11:29:32,122 [INFO] IPUIPlugin:74 - create IPUIPlugin
2025-09-11 11:29:32,122 [INFO] IPUIPlugin:74 - create IPUIPlugin
2025-09-11 11:29:32,122 [INFO] IPUIPlugin:74 - create IPUIPlugin
2025-09-11 11:29:32,122 [INFO] IPUIPlugin:74 - create IPUIPlugin
2025-09-11 11:29:32,122 [INFO] IPUIPlugin:74 - create IPUIPlugin
2025-09-11 11:29:32,122 [INFO] IPUIPlugin:74 - create IPUIPlugin
2025-09-11 11:29:32,122 [INFO] IPUIPlugin:74 - create IPUIPlugin
2025-09-11 11:29:32,122 [INFO] IPUIPlugin:74 - create IPUIPlugin
2025-09-11 11:29:32,122 [INFO] IPUIPlugin:74 - create IPUIPlugin
2025-09-11 11:29:32,122 [INFO] IPUIPlugin:74 - create IPUIPlugin
2025-09-11 11:29:32,795 [INFO] OpenFileManager:333 - Restore cursor
2025-09-11 11:44:49,125 [INFO] NvicIntPanel:96 - NVIC parent = com.st.microxplorer.plugins.ip.nvic.MultiNvicIntPanel[,0,0,0x0,invalid,layout=javax.swing.BoxLayout,alignmentX=0.0,alignmentY=0.0,border=,flags=9,maximumSize=,minimumSize=,preferredSize=]
2025-09-11 11:44:51,850 [INFO] NvicIntPanel:96 - NVIC parent = com.st.microxplorer.plugins.ip.nvic.MultiNvicIntPanel[,0,0,0x0,invalid,layout=javax.swing.BoxLayout,alignmentX=0.0,alignmentY=0.0,border=,flags=9,maximumSize=,minimumSize=,preferredSize=]
2025-09-11 11:46:38,946 [INFO] UtilMem:74 - End SaveConfig() Used Memory: 866409472 Bytes (1073741824)
2025-09-11 11:46:40,446 [INFO] UtilMem:74 - End SaveConfig() Used Memory: 892702576 Bytes (1073741824)
2025-09-11 11:46:44,196 [INFO] UtilMem:74 - End SaveConfig() Used Memory: 892015096 Bytes (1073741824)
2025-09-11 11:46:45,096 [INFO] BlockDiagram:2740 - set Specific Code input for plugin: NVIC
2025-09-11 11:46:45,096 [INFO] BlockDiagram:2740 - set Specific Code input for plugin: SYS
2025-09-11 11:46:45,097 [INFO] BlockDiagram:2740 - set Specific Code input for plugin: GPIO
2025-09-11 11:46:45,097 [INFO] BlockDiagram:2740 - set Specific Code input for plugin: RCC
2025-09-11 11:46:45,097 [INFO] BlockDiagram:2740 - set Specific Code input for plugin: TIM1_8F1
2025-09-11 11:46:45,098 [INFO] CodeGenerator:663 - code generatio: config db path: C:\ST\STM32CubeIDE_1.7.0\STM32CubeIDE\plugins\com.st.stm32cube.common.mx_6.3.0.202107141111\\db\
2025-09-11 11:46:45,998 [INFO] CodeEngine:239 - oldGeneratedFile, D:\destiny\Microprocessor_Lab\lab2\Lab2_ex1\Lab2_ex1\MXTmpFiles\license.tmp_save
2025-09-11 11:46:46,962 [INFO] CodeEngine:257 - Generated code: D:\destiny\Microprocessor_Lab\lab2\Lab2_ex1\Lab2_ex1\MXTmpFiles\license.tmp
2025-09-11 11:46:47,292 [INFO] CodeEngine:239 - oldGeneratedFile, D:\destiny\Microprocessor_Lab\lab2\Lab2_ex1\Lab2_ex1\MXTmpFiles\gpio.tmp_save
2025-09-11 11:46:47,632 [INFO] CodeEngine:257 - Generated code: D:\destiny\Microprocessor_Lab\lab2\Lab2_ex1\Lab2_ex1\MXTmpFiles\gpio.tmp
2025-09-11 11:46:48,162 [INFO] CodeEngine:239 - oldGeneratedFile, D:\destiny\Microprocessor_Lab\lab2\Lab2_ex1\Lab2_ex1\Core\Src\stm32f1xx_it.c_save
2025-09-11 11:46:48,491 [INFO] CodeEngine:257 - Generated code: D:\destiny\Microprocessor_Lab\lab2\Lab2_ex1\Lab2_ex1\Core\Src\stm32f1xx_it.c
2025-09-11 11:46:48,526 [INFO] CodeEngine:239 - oldGeneratedFile, D:\destiny\Microprocessor_Lab\lab2\Lab2_ex1\Lab2_ex1\Core\Inc\stm32f1xx_it.h_save
2025-09-11 11:46:48,710 [INFO] CodeEngine:257 - Generated code: D:\destiny\Microprocessor_Lab\lab2\Lab2_ex1\Lab2_ex1\Core\Inc\stm32f1xx_it.h
2025-09-11 11:46:48,760 [INFO] CodeEngine:239 - oldGeneratedFile, D:\destiny\Microprocessor_Lab\lab2\Lab2_ex1\Lab2_ex1\Core\Src\stm32f1xx_hal_msp.c_save
2025-09-11 11:46:49,073 [INFO] CodeEngine:257 - Generated code: D:\destiny\Microprocessor_Lab\lab2\Lab2_ex1\Lab2_ex1\Core\Src\stm32f1xx_hal_msp.c
2025-09-11 11:46:49,096 [INFO] CodeEngine:239 - oldGeneratedFile, D:\destiny\Microprocessor_Lab\lab2\Lab2_ex1\Lab2_ex1\MXTmpFiles\system.tmp_save
2025-09-11 11:46:49,243 [INFO] CodeEngine:257 - Generated code: D:\destiny\Microprocessor_Lab\lab2\Lab2_ex1\Lab2_ex1\MXTmpFiles\system.tmp
2025-09-11 11:46:49,291 [INFO] CodeEngine:239 - oldGeneratedFile, D:\destiny\Microprocessor_Lab\lab2\Lab2_ex1\Lab2_ex1\Core\Inc\stm32f1xx_hal_conf.h_save
2025-09-11 11:46:49,514 [INFO] CodeEngine:257 - Generated code: D:\destiny\Microprocessor_Lab\lab2\Lab2_ex1\Lab2_ex1\Core\Inc\stm32f1xx_hal_conf.h
2025-09-11 11:46:49,595 [WARN] IPConfigManager:3148 - IP not found : TIM
2025-09-11 11:46:49,601 [WARN] CodeGenerator:3268 - IP not found : null
2025-09-11 11:46:49,644 [INFO] CodeEngine:239 - oldGeneratedFile, D:\destiny\Microprocessor_Lab\lab2\Lab2_ex1\Lab2_ex1\Core\Inc\main.h_save
2025-09-11 11:46:49,855 [INFO] CodeEngine:257 - Generated code: D:\destiny\Microprocessor_Lab\lab2\Lab2_ex1\Lab2_ex1\Core\Inc\main.h
2025-09-11 11:46:49,892 [INFO] CodeEngine:239 - oldGeneratedFile, D:\destiny\Microprocessor_Lab\lab2\Lab2_ex1\Lab2_ex1\Core\Src\main.c_save
2025-09-11 11:46:50,201 [INFO] CodeEngine:257 - Generated code: D:\destiny\Microprocessor_Lab\lab2\Lab2_ex1\Lab2_ex1\Core\Src\main.c
2025-09-11 11:46:53,611 [INFO] ProjectBuilder:2578 - Time for Copy HAL[1] : 178mS.
2025-09-11 11:46:53,628 [INFO] ProjectBuilder:3622 - Project Generator version: 3.14.1
2025-09-11 11:46:54,916 [INFO] ConfigFileManager:1271 - The Die is : DIE412
2025-09-11 11:46:54,960 [INFO] ApiDbMcu:468 - Load IP Config File for FATFS
2025-09-11 11:46:55,024 [INFO] ApiDbMcu:468 - Load IP Config File for FREERTOS
2025-09-11 11:46:55,089 [INFO] ApiDbMcu:468 - Load IP Config File for USB_DEVICE
2025-09-11 11:47:05,930 [INFO] ProjectBuilder:3789 - Time for Generating toolchain IDE Files: 12302mS.
2025-09-11 11:47:05,931 [INFO] ProjectBuilder:2457 - Time for Copy CMSIS : 0mS.
2025-09-11 11:47:05,941 [INFO] ProjectBuilder:2457 - Time for Copy CMSIS : 7mS.
2025-09-24 21:32:07,004 [INFO] Activator:177 - 


2025-09-24 21:32:07,007 [INFO] Activator:178 - !SESSION log4j initialized
2025-09-26 12:29:31,731 [INFO] Activator:177 - 


2025-09-26 12:29:31,733 [INFO] Activator:178 - !SESSION log4j initialized
2025-10-03 08:36:59,007 [INFO] Activator:177 - 


2025-10-03 08:36:59,021 [INFO] Activator:178 - !SESSION log4j initialized
